"","dependent.var","independent.var","dependent.var.value","independent.var.value","numbers","se","min","max","repeat.var","repeat.var.value"
"dependent.var","ig_1_age","NA","NA","NA",38.2047905494769,NA,NA,NA,"admin_0","RCA"
"1","ig_2_sexe",NA,"femme",NA,0.511187896083974,NA,NA,NA,"admin_0","RCA"
"2","ig_2_sexe",NA,"homme",NA,0.488812103916026,NA,NA,NA,"admin_0","RCA"
"110","ig_3_role",NA,"non",NA,0.169721904769847,NA,NA,NA,"admin_0","RCA"
"210","ig_3_role",NA,"oui",NA,0.830278095230153,NA,NA,NA,"admin_0","RCA"
"111","ig_11_idp_rtl",NA,"autre",NA,0.015754166889458,NA,NA,NA,"admin_0","RCA"
"211","ig_11_idp_rtl",NA,"catastophe_nat",NA,0.00128252034740666,NA,NA,NA,"admin_0","RCA"
"3","ig_11_idp_rtl",NA,"conflit_arme",NA,0.639353127039835,NA,NA,NA,"admin_0","RCA"
"4","ig_11_idp_rtl",NA,"conflit_comm",NA,0.228483985178308,NA,NA,NA,"admin_0","RCA"
"5","ig_11_idp_rtl",NA,"nsp",NA,0.0015480505282377,NA,NA,NA,"admin_0","RCA"
"6","ig_11_idp_rtl",NA,"recherche_mssc",NA,0.0550705928371187,NA,NA,NA,"admin_0","RCA"
"7","ig_11_idp_rtl",NA,"recherche_service",NA,0.013935606078182,NA,NA,NA,"admin_0","RCA"
"8","ig_11_idp_rtl",NA,"transhumance",NA,0.0445719511014541,NA,NA,NA,"admin_0","RCA"
"112","ig_12_idp_length_idp",NA,"1_3_mois",NA,0.0218125149157675,NA,NA,NA,"admin_0","RCA"
"212","ig_12_idp_length_idp",NA,"1_mois",NA,0.0078446349796641,NA,NA,NA,"admin_0","RCA"
"310","ig_12_idp_length_idp",NA,"12_mois_ou_plus",NA,0.691442788179084,NA,NA,NA,"admin_0","RCA"
"410","ig_12_idp_length_idp",NA,"3_5_mois",NA,0.0860796985174428,NA,NA,NA,"admin_0","RCA"
"510","ig_12_idp_length_idp",NA,"5_12_mois",NA,0.18292257713327,NA,NA,NA,"admin_0","RCA"
"67","ig_12_idp_length_idp",NA,"nsp",NA,0.00989778627477221,NA,NA,NA,"admin_0","RCA"
"113","ig_14_idp_cond_retour",NA,"regroup_fam",NA,0.200937347340303,NA,NA,NA,"admin_0","RCA"
"213","ig_14_idp_cond_retour",NA,"acces_emploi",NA,0.160145644079178,NA,NA,NA,"admin_0","RCA"
"311","ig_14_idp_cond_retour",NA,"acces_service",NA,0.182608970931274,NA,NA,NA,"admin_0","RCA"
"411","ig_14_idp_cond_retour",NA,"secu",NA,0.641542550774267,NA,NA,NA,"admin_0","RCA"
"511","ig_14_idp_cond_retour",NA,"acces_abris",NA,0.363177888769448,NA,NA,NA,"admin_0","RCA"
"68","ig_14_idp_cond_retour",NA,"acces_abri_origine",NA,0.136355315086553,NA,NA,NA,"admin_0","RCA"
"71","ig_14_idp_cond_retour",NA,"acces_mssc",NA,0.236849769337183,NA,NA,NA,"admin_0","RCA"
"81","ig_14_idp_cond_retour",NA,"acces_ah",NA,0.173348342712243,NA,NA,NA,"admin_0","RCA"
"9","ig_14_idp_cond_retour",NA,"autre",NA,0.0362990660167377,NA,NA,NA,"admin_0","RCA"
"10","ig_14_idp_cond_retour",NA,"nsp",NA,0.014516510095166,NA,NA,NA,"admin_0","RCA"
"114","ig_16_ret_rapat_dest_finale_oui_non",NA,"abri_origine",NA,0.701524583786542,NA,NA,NA,"admin_0","RCA"
"214","ig_16_ret_rapat_dest_finale_oui_non",NA,"autre",NA,0.0374527048414795,NA,NA,NA,"admin_0","RCA"
"312","ig_16_ret_rapat_dest_finale_oui_non",NA,"commune_origine",NA,0.261022711371978,NA,NA,NA,"admin_0","RCA"
"115","ig_16_ret_rapat_abri_origine_non_raison",NA,"abri_detruit",NA,0.716026440280018,NA,NA,NA,"admin_0","RCA"
"215","ig_16_ret_rapat_abri_origine_non_raison",NA,"abri_occupe_etat",NA,0.0652460301432956,NA,NA,NA,"admin_0","RCA"
"313","ig_16_ret_rapat_abri_origine_non_raison",NA,"abri_occupe_tiers",NA,0.157601638501847,NA,NA,NA,"admin_0","RCA"
"412","ig_16_ret_rapat_abri_origine_non_raison",NA,"abri_tropcher",NA,0.00795110921991943,NA,NA,NA,"admin_0","RCA"
"512","ig_16_ret_rapat_abri_origine_non_raison",NA,"autre",NA,0.0123065645378126,NA,NA,NA,"admin_0","RCA"
"69","ig_16_ret_rapat_abri_origine_non_raison",NA,"insecurite",NA,0.0124516612407825,NA,NA,NA,"admin_0","RCA"
"72","ig_16_ret_rapat_abri_origine_non_raison",NA,"nsp",NA,0.00829184943619827,NA,NA,NA,"admin_0","RCA"
"82","ig_16_ret_rapat_abri_origine_non_raison",NA,"perte_doc",NA,0.0090030652419135,NA,NA,NA,"admin_0","RCA"
"91","ig_16_ret_rapat_abri_origine_non_raison",NA,"perte_du_proprietaire",NA,0.0111216413982126,NA,NA,NA,"admin_0","RCA"
"116","ig_17_ret_rapat_dest_finale_non_raison",NA,"abri_detruit",NA,0.354478099669805,NA,NA,NA,"admin_0","RCA"
"216","ig_17_ret_rapat_dest_finale_non_raison",NA,"abri_occupe_tiers",NA,0.0124130315953243,NA,NA,NA,"admin_0","RCA"
"314","ig_17_ret_rapat_dest_finale_non_raison",NA,"abri_tropcher",NA,0.0452819526464117,NA,NA,NA,"admin_0","RCA"
"413","ig_17_ret_rapat_dest_finale_non_raison",NA,"autre",NA,0.00224971878515186,NA,NA,NA,"admin_0","RCA"
"513","ig_17_ret_rapat_dest_finale_non_raison",NA,"insecurite",NA,0.562838797995373,NA,NA,NA,"admin_0","RCA"
"610","ig_17_ret_rapat_dest_finale_non_raison",NA,"nsp",NA,0.00386152903164396,NA,NA,NA,"admin_0","RCA"
"73","ig_17_ret_rapat_dest_finale_non_raison",NA,"perte_doc",NA,0.00224971878515186,NA,NA,NA,"admin_0","RCA"
"83","ig_17_ret_rapat_dest_finale_non_raison",NA,"perte_du_proprietaire",NA,0.016627151491138,NA,NA,NA,"admin_0","RCA"
"117","ig_15_rtr_ret_rapat",NA,"autre",NA,0.00652429017060474,NA,NA,NA,"admin_0","RCA"
"217","ig_15_rtr_ret_rapat",NA,"fermeture_site",NA,0.00208865366700658,NA,NA,NA,"admin_0","RCA"
"315","ig_15_rtr_ret_rapat",NA,"meilleure_assist_human",NA,0.148124498568788,NA,NA,NA,"admin_0","RCA"
"414","ig_15_rtr_ret_rapat",NA,"meilleure_qualite_vie",NA,0.118139152535679,NA,NA,NA,"admin_0","RCA"
"514","ig_15_rtr_ret_rapat",NA,"meilleures_secu",NA,0.0815484443218373,NA,NA,NA,"admin_0","RCA"
"611","ig_15_rtr_ret_rapat",NA,"moins_assist_human",NA,0.0424001730724507,NA,NA,NA,"admin_0","RCA"
"74","ig_15_rtr_ret_rapat",NA,"moins_qualite_vie",NA,0.0954936535066555,NA,NA,NA,"admin_0","RCA"
"84","ig_15_rtr_ret_rapat",NA,"moins_secu",NA,0.0148779341046844,NA,NA,NA,"admin_0","RCA"
"92","ig_15_rtr_ret_rapat",NA,"nsp",NA,0.00487521687073007,NA,NA,NA,"admin_0","RCA"
"101","ig_15_rtr_ret_rapat",NA,"raison_eco",NA,0.0419279011021183,NA,NA,NA,"admin_0","RCA"
"11","ig_15_rtr_ret_rapat",NA,"regroup_fam",NA,0.433019308769984,NA,NA,NA,"admin_0","RCA"
"12","ig_15_rtr_ret_rapat",NA,"tensions_communautaires",NA,0.0109807733094612,NA,NA,NA,"admin_0","RCA"
"dependent.var1","ig_6_hh_membres_tot","NA","NA","NA",5.86715619084477,NA,NA,NA,"admin_0","RCA"
"118","ig_9_hote_fa",NA,"non",NA,0.83117202506053,NA,NA,NA,"admin_0","RCA"
"218","ig_9_hote_fa",NA,"nsp",NA,0.00380797588803387,NA,NA,NA,"admin_0","RCA"
"316","ig_9_hote_fa",NA,"oui",NA,0.165019999051436,NA,NA,NA,"admin_0","RCA"
"dependent.var2","ig_10_hote_fa_0_4","NA","NA","NA",1.27890538911258,NA,NA,NA,"admin_0","RCA"
"dependent.var3","ig_10_hote_fa_5_17","NA","NA","NA",1.37705827184556,NA,NA,NA,"admin_0","RCA"
"dependent.var4","ig_10_hote_fa_18plus","NA","NA","NA",1.16109881806213,NA,NA,NA,"admin_0","RCA"
"119","bache",NA,"non",NA,0.873794286323865,NA,NA,NA,"admin_0","RCA"
"219","bache",NA,"oui",NA,0.126205713676135,NA,NA,NA,"admin_0","RCA"
"120","kit_cuisine",NA,"aucun",NA,0.138795788866835,NA,NA,NA,"admin_0","RCA"
"220","kit_cuisine",NA,"complet",NA,0.0169517810042467,NA,NA,NA,"admin_0","RCA"
"317","kit_cuisine",NA,"incomp",NA,0.844252430128918,NA,NA,NA,"admin_0","RCA"
"121","habits_femmes_enfants",NA,"aucun",NA,0.0719314664212546,NA,NA,NA,"admin_0","RCA"
"221","habits_femmes_enfants",NA,"incomp",NA,0.734110754708771,NA,NA,NA,"admin_0","RCA"
"318","habits_femmes_enfants",NA,"tous",NA,0.193957778869974,NA,NA,NA,"admin_0","RCA"
"122","doc_legale",NA,"aucun",NA,0.408785431402734,NA,NA,NA,"admin_0","RCA"
"222","doc_legale",NA,"incomp",NA,0.385903926624692,NA,NA,NA,"admin_0","RCA"
"319","doc_legale",NA,"tous",NA,0.205310641972574,NA,NA,NA,"admin_0","RCA"
"dependent.var5","doc_legale_nb_filles","NA","NA","NA",0.80496227072721,NA,NA,NA,"admin_0","RCA"
"dependent.var6","doc_legale_nb_garcons","NA","NA","NA",0.81292487615416,NA,NA,NA,"admin_0","RCA"
"dependent.var7","doc_legale_nb_femmes","NA","NA","NA",0.538550400206597,NA,NA,NA,"admin_0","RCA"
"dependent.var8","doc_legale_nb_hommes","NA","NA","NA",0.674132547727704,NA,NA,NA,"admin_0","RCA"
"123","doc_propriete",NA,"aucun",NA,0.570506274523435,NA,NA,NA,"admin_0","RCA"
"223","doc_propriete",NA,"complet",NA,0.0732301093224332,NA,NA,NA,"admin_0","RCA"
"320","doc_propriete",NA,"incomp",NA,0.356263616154132,NA,NA,NA,"admin_0","RCA"
"124","semence",NA,"aucun",NA,0.412470251497471,NA,NA,NA,"admin_0","RCA"
"224","semence",NA,"insuff",NA,0.56020041213423,NA,NA,NA,"admin_0","RCA"
"321","semence",NA,"suff",NA,0.0273293363682997,NA,NA,NA,"admin_0","RCA"
"125","outils_aratoires",NA,"aucun",NA,0.403870022492206,NA,NA,NA,"admin_0","RCA"
"225","outils_aratoires",NA,"insuff",NA,0.583941291928946,NA,NA,NA,"admin_0","RCA"
"322","outils_aratoires",NA,"suff",NA,0.0121886855788486,NA,NA,NA,"admin_0","RCA"
"126","cendres",NA,"non",NA,0.70805056552739,NA,NA,NA,"admin_0","RCA"
"226","cendres",NA,"oui",NA,0.291949434472611,NA,NA,NA,"admin_0","RCA"
"dependent.var9","savon_toilette_azur","NA","NA","NA",0.657304251127323,NA,NA,NA,"admin_0","RCA"
"dependent.var10","savon_lessive","NA","NA","NA",1.92299352532626,NA,NA,NA,"admin_0","RCA"
"dependent.var11","pot","NA","NA","NA",0.202629830848499,NA,NA,NA,"admin_0","RCA"
"dependent.var12","gobelet","NA","NA","NA",2.89613971926134,NA,NA,NA,"admin_0","RCA"
"dependent.var13","serviette_hyg","NA","NA","NA",0.830644416868086,NA,NA,NA,"admin_0","RCA"
"dependent.var14","bidons_cap","NA","NA","NA",45.8231893153236,NA,NA,NA,"admin_0","RCA"
"127","nfi_2_type_abri",NA,"abri_urgence",NA,0.0868892609916906,NA,NA,NA,"admin_0","RCA"
"227","nfi_2_type_abri",NA,"aucun",NA,0.000670948922340095,NA,NA,NA,"admin_0","RCA"
"323","nfi_2_type_abri",NA,"autre",NA,0.0266406462101381,NA,NA,NA,"admin_0","RCA"
"415","nfi_2_type_abri",NA,"habitat_paille",NA,0.640842055202535,NA,NA,NA,"admin_0","RCA"
"515","nfi_2_type_abri",NA,"maison_dur",NA,0.24446140101384,NA,NA,NA,"admin_0","RCA"
"612","nfi_2_type_abri",NA,"nsp",NA,0.000495687659456697,NA,NA,NA,"admin_0","RCA"
"128","nfi_propr_abri_propre",NA,"non",NA,0.202808163857749,NA,NA,NA,"admin_0","RCA"
"228","nfi_propr_abri_propre",NA,"nsp",NA,0.00115901361270276,NA,NA,NA,"admin_0","RCA"
"324","nfi_propr_abri_propre",NA,"oui",NA,0.796032822529548,NA,NA,NA,"admin_0","RCA"
"129","nfi_propr_abri",NA,"autre",NA,0.113227825331932,NA,NA,NA,"admin_0","RCA"
"229","nfi_propr_abri",NA,"location",NA,0.38462076514057,NA,NA,NA,"admin_0","RCA"
"325","nfi_propr_abri",NA,"nsp",NA,7.72007084460548e-07,NA,NA,NA,"admin_0","RCA"
"416","nfi_propr_abri",NA,"occupe",NA,0.0420022040719961,NA,NA,NA,"admin_0","RCA"
"516","nfi_propr_abri",NA,"pret",NA,0.460077399271842,NA,NA,NA,"admin_0","RCA"
"613","nfi_propr_abri",NA,"TRUE",NA,7.10341765746853e-05,NA,NA,NA,"admin_0","RCA"
"dependent.var15","nfi_4_personnes_abri","NA","NA","NA",6.21995431018333,NA,NA,NA,"admin_0","RCA"
"dependent.var16","nfi_5_taille_abri","NA","NA","NA",30.1836817876994,NA,NA,NA,"admin_0","RCA"
"130","mssc_1_revenu",NA,"1_50000",NA,0.623810226288991,NA,NA,NA,"admin_0","RCA"
"230","mssc_1_revenu",NA,"100001_150000",NA,0.067372324970315,NA,NA,NA,"admin_0","RCA"
"326","mssc_1_revenu",NA,"150001_200000",NA,0.0200229512833801,NA,NA,NA,"admin_0","RCA"
"417","mssc_1_revenu",NA,"200001_300000",NA,0.00214024976803463,NA,NA,NA,"admin_0","RCA"
"517","mssc_1_revenu",NA,"300001_500000",NA,0.00450720851120103,NA,NA,NA,"admin_0","RCA"
"614","mssc_1_revenu",NA,"500001_plus",NA,0.00193965990982719,NA,NA,NA,"admin_0","RCA"
"75","mssc_1_revenu",NA,"50001_100000",NA,0.229529702984392,NA,NA,NA,"admin_0","RCA"
"85","mssc_1_revenu",NA,"none",NA,0.0106140776469767,NA,NA,NA,"admin_0","RCA"
"93","mssc_1_revenu",NA,"nsp",NA,0.0400635986368821,NA,NA,NA,"admin_0","RCA"
"dependent.var17","mssc_3_dep_30j_alim","NA","NA","NA",18779.7258032948,NA,NA,NA,"admin_0","RCA"
"dependent.var18","mssc_3_dep_30j_elec","NA","NA","NA",579.854989040954,NA,NA,NA,"admin_0","RCA"
"dependent.var19","mssc_3_dep_30j_eau","NA","NA","NA",1037.70732279932,NA,NA,NA,"admin_0","RCA"
"dependent.var20","mssc_3_dep_30j_logement","NA","NA","NA",914.361731183891,NA,NA,NA,"admin_0","RCA"
"dependent.var21","mssc_3_dep_30j_tel","NA","NA","NA",882.898003997097,NA,NA,NA,"admin_0","RCA"
"dependent.var22","mssc_3_dep_30j_comb","NA","NA","NA",1611.81809725994,NA,NA,NA,"admin_0","RCA"
"dependent.var23","mssc_3_dep_30j_transport","NA","NA","NA",2100.24290287911,NA,NA,NA,"admin_0","RCA"
"dependent.var24","mssc_3_dep_30j_hyg","NA","NA","NA",2089.97122625312,NA,NA,NA,"admin_0","RCA"
"dependent.var25","mssc_3_dep_30j_tabac_alc","NA","NA","NA",1217.47917266873,NA,NA,NA,"admin_0","RCA"
"dependent.var26","mssc_4_dep_6m_sante","NA","NA","NA",12690.1114565625,NA,NA,NA,"admin_0","RCA"
"dependent.var27","mssc_4_dep_6m_vet","NA","NA","NA",10378.2405482286,NA,NA,NA,"admin_0","RCA"
"dependent.var28","mssc_4_dep_6m_educ","NA","NA","NA",7297.83184132247,NA,NA,NA,"admin_0","RCA"
"dependent.var29","mssc_4_dep_6m_dettes","NA","NA","NA",3947.36335620753,NA,NA,NA,"admin_0","RCA"
"dependent.var30","mssc_4_dep_6m_construction_log","NA","NA","NA",3795.79861488071,NA,NA,NA,"admin_0","RCA"
"dependent.var31","mssc_4_dep_6m_fete","NA","NA","NA",4066.32572442478,NA,NA,NA,"admin_0","RCA"
"dependent.var32","mssc_4_dep_6m_intr_agr","NA","NA","NA",5466.65795350856,NA,NA,NA,"admin_0","RCA"
"dependent.var33","mssc_4_dep_6m_intr_el","NA","NA","NA",1205.6025281346,NA,NA,NA,"admin_0","RCA"
"131","mssc_6_membres_assoc",NA,"non",NA,0.775154159776777,NA,NA,NA,"admin_0","RCA"
"231","mssc_6_membres_assoc",NA,"nsp",NA,0.00346433616170634,NA,NA,NA,"admin_0","RCA"
"327","mssc_6_membres_assoc",NA,"oui",NA,0.221381504061517,NA,NA,NA,"admin_0","RCA"
"132","mssc_7_acces_forma_prof",NA,"non",NA,0.893875193418595,NA,NA,NA,"admin_0","RCA"
"232","mssc_7_acces_forma_prof",NA,"nsp",NA,0.00373286278906791,NA,NA,NA,"admin_0","RCA"
"328","mssc_7_acces_forma_prof",NA,"oui",NA,0.102391943792337,NA,NA,NA,"admin_0","RCA"
"dependent.var34","secal_1_cereales","NA","NA","NA",5.26426851942381,NA,NA,NA,"admin_0","RCA"
"133","secal_2_cereales",NA,"achats",NA,0.554334545218069,NA,NA,NA,"admin_0","RCA"
"233","secal_2_cereales",NA,"aides_alim",NA,0.0103644508413017,NA,NA,NA,"admin_0","RCA"
"329","secal_2_cereales",NA,"chasse",NA,0.00312206989645574,NA,NA,NA,"admin_0","RCA"
"418","secal_2_cereales",NA,"dons_perso",NA,0.0147409085756568,NA,NA,NA,"admin_0","RCA"
"518","secal_2_cereales",NA,"emprunt",NA,0.00178845497761989,NA,NA,NA,"admin_0","RCA"
"615","secal_2_cereales",NA,"propre_prod",NA,0.411965920189519,NA,NA,NA,"admin_0","RCA"
"76","secal_2_cereales",NA,"troc",NA,0.00368365030137728,NA,NA,NA,"admin_0","RCA"
"dependent.var35","secal_1_legumineuse","NA","NA","NA",2.77442437572541,NA,NA,NA,"admin_0","RCA"
"134","secal_2_legumineuse",NA,"achats",NA,0.588876674150347,NA,NA,NA,"admin_0","RCA"
"234","secal_2_legumineuse",NA,"aides_alim",NA,0.015716461445062,NA,NA,NA,"admin_0","RCA"
"330","secal_2_legumineuse",NA,"chasse",NA,0.00435128820131347,NA,NA,NA,"admin_0","RCA"
"419","secal_2_legumineuse",NA,"dons_perso",NA,0.0246779943865112,NA,NA,NA,"admin_0","RCA"
"519","secal_2_legumineuse",NA,"emprunt",NA,0.00268995608207631,NA,NA,NA,"admin_0","RCA"
"616","secal_2_legumineuse",NA,"propre_prod",NA,0.361271858762256,NA,NA,NA,"admin_0","RCA"
"77","secal_2_legumineuse",NA,"troc",NA,0.00241576697243448,NA,NA,NA,"admin_0","RCA"
"dependent.var36","secal_1_lait","NA","NA","NA",0.927194194335442,NA,NA,NA,"admin_0","RCA"
"135","secal_2_lait",NA,"achats",NA,0.933526885935978,NA,NA,NA,"admin_0","RCA"
"235","secal_2_lait",NA,"aides_alim",NA,0.00831675348864975,NA,NA,NA,"admin_0","RCA"
"331","secal_2_lait",NA,"chasse",NA,0.00047898161290481,NA,NA,NA,"admin_0","RCA"
"420","secal_2_lait",NA,"dons_perso",NA,0.0065929193486893,NA,NA,NA,"admin_0","RCA"
"520","secal_2_lait",NA,"emprunt",NA,0.00459046279991931,NA,NA,NA,"admin_0","RCA"
"617","secal_2_lait",NA,"propre_prod",NA,0.046013312196129,NA,NA,NA,"admin_0","RCA"
"78","secal_2_lait",NA,"troc",NA,0.000480684617729381,NA,NA,NA,"admin_0","RCA"
"dependent.var37","secal_1_viande","NA","NA","NA",1.85477263006212,NA,NA,NA,"admin_0","RCA"
"136","secal_2_viande",NA,"achats",NA,0.858586695454954,NA,NA,NA,"admin_0","RCA"
"236","secal_2_viande",NA,"aides_alim",NA,0.000608688237135583,NA,NA,NA,"admin_0","RCA"
"332","secal_2_viande",NA,"chasse",NA,0.0737346951720345,NA,NA,NA,"admin_0","RCA"
"421","secal_2_viande",NA,"dons_perso",NA,0.0123531913203968,NA,NA,NA,"admin_0","RCA"
"521","secal_2_viande",NA,"emprunt",NA,0.00362658805430379,NA,NA,NA,"admin_0","RCA"
"618","secal_2_viande",NA,"propre_prod",NA,0.0446608400334528,NA,NA,NA,"admin_0","RCA"
"79","secal_2_viande",NA,"troc",NA,0.00642930172772297,NA,NA,NA,"admin_0","RCA"
"dependent.var38","secal_1_legumes","NA","NA","NA",4.35353733785822,NA,NA,NA,"admin_0","RCA"
"137","secal_2_legumes",NA,"achats",NA,0.48434843312123,NA,NA,NA,"admin_0","RCA"
"237","secal_2_legumes",NA,"aides_alim",NA,0.00241226353391814,NA,NA,NA,"admin_0","RCA"
"333","secal_2_legumes",NA,"chasse",NA,0.0158673771739547,NA,NA,NA,"admin_0","RCA"
"422","secal_2_legumes",NA,"dons_perso",NA,0.0139984711862863,NA,NA,NA,"admin_0","RCA"
"522","secal_2_legumes",NA,"emprunt",NA,0.00367939719407881,NA,NA,NA,"admin_0","RCA"
"619","secal_2_legumes",NA,"propre_prod",NA,0.477917379833458,NA,NA,NA,"admin_0","RCA"
"710","secal_2_legumes",NA,"troc",NA,0.00177667795707466,NA,NA,NA,"admin_0","RCA"
"dependent.var39","secal_1_fruits","NA","NA","NA",1.61082930539564,NA,NA,NA,"admin_0","RCA"
"138","secal_2_fruits",NA,"achats",NA,0.479339380059298,NA,NA,NA,"admin_0","RCA"
"238","secal_2_fruits",NA,"aides_alim",NA,0.00127579835138325,NA,NA,NA,"admin_0","RCA"
"334","secal_2_fruits",NA,"chasse",NA,0.0311600697693143,NA,NA,NA,"admin_0","RCA"
"423","secal_2_fruits",NA,"dons_perso",NA,0.0386539500940785,NA,NA,NA,"admin_0","RCA"
"523","secal_2_fruits",NA,"emprunt",NA,0.000301999045372616,NA,NA,NA,"admin_0","RCA"
"620","secal_2_fruits",NA,"propre_prod",NA,0.447829246092007,NA,NA,NA,"admin_0","RCA"
"711","secal_2_fruits",NA,"troc",NA,0.00143955658854583,NA,NA,NA,"admin_0","RCA"
"dependent.var40","secal_1_huile","NA","NA","NA",4.12615472398399,NA,NA,NA,"admin_0","RCA"
"139","secal_2_huile",NA,"achats",NA,0.864153545259153,NA,NA,NA,"admin_0","RCA"
"239","secal_2_huile",NA,"aides_alim",NA,0.0392508600408117,NA,NA,NA,"admin_0","RCA"
"335","secal_2_huile",NA,"chasse",NA,0.0179377743244807,NA,NA,NA,"admin_0","RCA"
"424","secal_2_huile",NA,"dons_perso",NA,0.00748726375399341,NA,NA,NA,"admin_0","RCA"
"524","secal_2_huile",NA,"emprunt",NA,0.00811097443829721,NA,NA,NA,"admin_0","RCA"
"621","secal_2_huile",NA,"propre_prod",NA,0.060371274122607,NA,NA,NA,"admin_0","RCA"
"712","secal_2_huile",NA,"troc",NA,0.00268830806065663,NA,NA,NA,"admin_0","RCA"
"dependent.var41","secal_1_sucre","NA","NA","NA",4.00835415372114,NA,NA,NA,"admin_0","RCA"
"140","secal_2_sucre",NA,"achats",NA,0.951561711844069,NA,NA,NA,"admin_0","RCA"
"240","secal_2_sucre",NA,"aides_alim",NA,0.00584046297842561,NA,NA,NA,"admin_0","RCA"
"336","secal_2_sucre",NA,"chasse",NA,0.00333447757305785,NA,NA,NA,"admin_0","RCA"
"425","secal_2_sucre",NA,"dons_perso",NA,0.0112051204933386,NA,NA,NA,"admin_0","RCA"
"525","secal_2_sucre",NA,"emprunt",NA,0.0113793555603895,NA,NA,NA,"admin_0","RCA"
"622","secal_2_sucre",NA,"propre_prod",NA,0.0146867587650059,NA,NA,NA,"admin_0","RCA"
"713","secal_2_sucre",NA,"troc",NA,0.00199211278571329,NA,NA,NA,"admin_0","RCA"
"dependent.var42","secal_1_epices","NA","NA","NA",4.79320304472049,NA,NA,NA,"admin_0","RCA"
"141","secal_2_epices",NA,"achats",NA,0.930717196014153,NA,NA,NA,"admin_0","RCA"
"241","secal_2_epices",NA,"aides_alim",NA,0.00425385340393948,NA,NA,NA,"admin_0","RCA"
"337","secal_2_epices",NA,"chasse",NA,0.0034847738932788,NA,NA,NA,"admin_0","RCA"
"426","secal_2_epices",NA,"dons_perso",NA,0.0147016089225359,NA,NA,NA,"admin_0","RCA"
"526","secal_2_epices",NA,"emprunt",NA,0.00712966074659179,NA,NA,NA,"admin_0","RCA"
"623","secal_2_epices",NA,"propre_prod",NA,0.0372288232212908,NA,NA,NA,"admin_0","RCA"
"714","secal_2_epices",NA,"troc",NA,0.00248408379821003,NA,NA,NA,"admin_0","RCA"
"142","secal_3_hhs",NA,"non",NA,0.187485990604528,NA,NA,NA,"admin_0","RCA"
"242","secal_3_hhs",NA,"nsp",NA,0.00393089996906942,NA,NA,NA,"admin_0","RCA"
"338","secal_3_hhs",NA,"oui",NA,0.808583109426402,NA,NA,NA,"admin_0","RCA"
"143","secal_3_hhs_nb",NA,"parfois",NA,0.413832932951889,NA,NA,NA,"admin_0","RCA"
"243","secal_3_hhs_nb",NA,"rarement",NA,0.522010124256527,NA,NA,NA,"admin_0","RCA"
"339","secal_3_hhs_nb",NA,"souvent",NA,0.0641569427915841,NA,NA,NA,"admin_0","RCA"
"144","secal_4_hhs",NA,"non",NA,0.189463786986621,NA,NA,NA,"admin_0","RCA"
"244","secal_4_hhs",NA,"nsp",NA,0.00569844742635157,NA,NA,NA,"admin_0","RCA"
"340","secal_4_hhs",NA,"oui",NA,0.804837765587027,NA,NA,NA,"admin_0","RCA"
"145","secal_4_hhs_nb",NA,"parfois",NA,0.419814404354553,NA,NA,NA,"admin_0","RCA"
"245","secal_4_hhs_nb",NA,"rarement",NA,0.509627457196327,NA,NA,NA,"admin_0","RCA"
"341","secal_4_hhs_nb",NA,"souvent",NA,0.0705581384491206,NA,NA,NA,"admin_0","RCA"
"146","secal_5_hhs",NA,"non",NA,0.251477019173938,NA,NA,NA,"admin_0","RCA"
"246","secal_5_hhs",NA,"nsp",NA,0.00666327515938491,NA,NA,NA,"admin_0","RCA"
"342","secal_5_hhs",NA,"oui",NA,0.741859705666677,NA,NA,NA,"admin_0","RCA"
"147","secal_5_hhs_nb",NA,"parfois",NA,0.358366257380713,NA,NA,NA,"admin_0","RCA"
"247","secal_5_hhs_nb",NA,"rarement",NA,0.56891018808746,NA,NA,NA,"admin_0","RCA"
"343","secal_5_hhs_nb",NA,"souvent",NA,0.0727235545318271,NA,NA,NA,"admin_0","RCA"
"148","secal_6_agric",NA,"non",NA,0.378538671964033,NA,NA,NA,"admin_0","RCA"
"248","secal_6_agric",NA,"nsp",NA,0.012143786403512,NA,NA,NA,"admin_0","RCA"
"344","secal_6_agric",NA,"oui",NA,0.609317541632455,NA,NA,NA,"admin_0","RCA"
"149","secal_6_agric_raisons_1",NA,"autre",NA,0.0580134966016972,NA,NA,NA,"admin_0","RCA"
"249","secal_6_agric_raisons_1",NA,"autre_activite",NA,0.0379863563833319,NA,NA,NA,"admin_0","RCA"
"345","secal_6_agric_raisons_1",NA,"inondation",NA,0.00327092907448386,NA,NA,NA,"admin_0","RCA"
"427","secal_6_agric_raisons_1",NA,"insecurite",NA,0.127987136011058,NA,NA,NA,"admin_0","RCA"
"527","secal_6_agric_raisons_1",NA,"manque_financier",NA,0.0979723238242962,NA,NA,NA,"admin_0","RCA"
"624","secal_6_agric_raisons_1",NA,"manque_pluie",NA,0.0109593905547144,NA,NA,NA,"admin_0","RCA"
"715","secal_6_agric_raisons_1",NA,"manque_semences",NA,0.272209435024792,NA,NA,NA,"admin_0","RCA"
"86","secal_6_agric_raisons_1",NA,"manque_staff",NA,0.0660998673155804,NA,NA,NA,"admin_0","RCA"
"94","secal_6_agric_raisons_1",NA,"manque_terre",NA,0.301294031540474,NA,NA,NA,"admin_0","RCA"
"102","secal_6_agric_raisons_1",NA,"sol_pauvre",NA,0.0242070336695726,NA,NA,NA,"admin_0","RCA"
"150","secal_6_agric_raisons_2",NA,"autre",NA,0.020058386989702,NA,NA,NA,"admin_0","RCA"
"250","secal_6_agric_raisons_2",NA,"autre_activite",NA,0.0525210694027941,NA,NA,NA,"admin_0","RCA"
"346","secal_6_agric_raisons_2",NA,"inondation",NA,0.00336847848734371,NA,NA,NA,"admin_0","RCA"
"428","secal_6_agric_raisons_2",NA,"insecurite",NA,0.104242239136668,NA,NA,NA,"admin_0","RCA"
"528","secal_6_agric_raisons_2",NA,"manque_financier",NA,0.231748878368283,NA,NA,NA,"admin_0","RCA"
"625","secal_6_agric_raisons_2",NA,"manque_pluie",NA,0.0201073635384441,NA,NA,NA,"admin_0","RCA"
"716","secal_6_agric_raisons_2",NA,"manque_semences",NA,0.298811817955256,NA,NA,NA,"admin_0","RCA"
"87","secal_6_agric_raisons_2",NA,"manque_staff",NA,0.189494187941578,NA,NA,NA,"admin_0","RCA"
"95","secal_6_agric_raisons_2",NA,"manque_terre",NA,0.0594453323202458,NA,NA,NA,"admin_0","RCA"
"103","secal_6_agric_raisons_2",NA,"sol_pauvre",NA,0.0202022458596858,NA,NA,NA,"admin_0","RCA"
"151","secal_6_agric_raisons_3",NA,"autre",NA,0.091129500524588,NA,NA,NA,"admin_0","RCA"
"251","secal_6_agric_raisons_3",NA,"autre_activite",NA,0.0524922935193355,NA,NA,NA,"admin_0","RCA"
"347","secal_6_agric_raisons_3",NA,"inondation",NA,0.00774725128932646,NA,NA,NA,"admin_0","RCA"
"429","secal_6_agric_raisons_3",NA,"insecurite",NA,0.0629096324611958,NA,NA,NA,"admin_0","RCA"
"529","secal_6_agric_raisons_3",NA,"manque_financier",NA,0.336587219354835,NA,NA,NA,"admin_0","RCA"
"626","secal_6_agric_raisons_3",NA,"manque_pluie",NA,0.0319894523454509,NA,NA,NA,"admin_0","RCA"
"717","secal_6_agric_raisons_3",NA,"manque_semences",NA,0.198265213948189,NA,NA,NA,"admin_0","RCA"
"88","secal_6_agric_raisons_3",NA,"manque_staff",NA,0.159539958524487,NA,NA,NA,"admin_0","RCA"
"96","secal_6_agric_raisons_3",NA,"manque_terre",NA,0.0436471163896327,NA,NA,NA,"admin_0","RCA"
"104","secal_6_agric_raisons_3",NA,"sol_pauvre",NA,0.0156923616429594,NA,NA,NA,"admin_0","RCA"
"152","secal_9_acces_marche",NA,"marche_accessible",NA,0.0961899730270305,NA,NA,NA,"admin_0","RCA"
"252","secal_9_acces_marche",NA,"marche_exist_acces_dangereux",NA,0.0191204423542002,NA,NA,NA,"admin_0","RCA"
"348","secal_9_acces_marche",NA,"marche_exist_acces_inacess_physique",NA,0.026707038662172,NA,NA,NA,"admin_0","RCA"
"430","secal_9_acces_marche",NA,"marche_exist_acces_inacess_secu",NA,0.0356377335801677,NA,NA,NA,"admin_0","RCA"
"530","secal_9_acces_marche",NA,"marche_exist_acces_inacess_transport",NA,0.0803224977799004,NA,NA,NA,"admin_0","RCA"
"627","secal_9_acces_marche",NA,"marche_inexist",NA,0.294734257256853,NA,NA,NA,"admin_0","RCA"
"718","secal_9_acces_marche",NA,"marche_non_appro_bien_alim",NA,0.0773966402797833,NA,NA,NA,"admin_0","RCA"
"89","secal_9_acces_marche",NA,"marche_non_appro_nfi",NA,0.03378765293639,NA,NA,NA,"admin_0","RCA"
"97","secal_9_acces_marche",NA,"marche_trop_cher",NA,0.336103764123503,NA,NA,NA,"admin_0","RCA"
"153","wash_1_source_boisson",NA,"eau_robinet",NA,0.179299848423501,NA,NA,NA,"admin_0","RCA"
"253","wash_1_source_boisson",NA,"forage_mec",NA,0.231063342013858,NA,NA,NA,"admin_0","RCA"
"349","wash_1_source_boisson",NA,"forage_man",NA,0.233408260529423,NA,NA,NA,"admin_0","RCA"
"431","wash_1_source_boisson",NA,"puit_prot",NA,0.112120008343877,NA,NA,NA,"admin_0","RCA"
"531","wash_1_source_boisson",NA,"puit_non_prot",NA,0.146220816924473,NA,NA,NA,"admin_0","RCA"
"628","wash_1_source_boisson",NA,"bouteilles",NA,0.000932821818708514,NA,NA,NA,"admin_0","RCA"
"719","wash_1_source_boisson",NA,"eau_camion",NA,0.00745655153028767,NA,NA,NA,"admin_0","RCA"
"810","wash_1_source_boisson",NA,"source_amen",NA,0.048555872831021,NA,NA,NA,"admin_0","RCA"
"98","wash_1_source_boisson",NA,"source_non_amen",NA,0.178532257454157,NA,NA,NA,"admin_0","RCA"
"105","wash_1_source_boisson",NA,"eau_de_pluie",NA,0.0543035249726268,NA,NA,NA,"admin_0","RCA"
"1110","wash_1_source_boisson",NA,"cours_d_eau",NA,0.037459771870014,NA,NA,NA,"admin_0","RCA"
"1210","wash_1_source_boisson",NA,"autre",NA,0.00275026671380778,NA,NA,NA,"admin_0","RCA"
"13","wash_1_source_boisson",NA,"nsp",NA,0,NA,NA,NA,"admin_0","RCA"
"154","wash_2_source_autre_usage",NA,"eau_robinet",NA,0.116138346677554,NA,NA,NA,"admin_0","RCA"
"254","wash_2_source_autre_usage",NA,"forage_mec",NA,0.201227555636027,NA,NA,NA,"admin_0","RCA"
"350","wash_2_source_autre_usage",NA,"forage_man",NA,0.19576165833338,NA,NA,NA,"admin_0","RCA"
"432","wash_2_source_autre_usage",NA,"puit_prot",NA,0.163279903968812,NA,NA,NA,"admin_0","RCA"
"532","wash_2_source_autre_usage",NA,"puit_non_prot",NA,0.23079185477942,NA,NA,NA,"admin_0","RCA"
"629","wash_2_source_autre_usage",NA,"bouteilles",NA,0.00328335696464612,NA,NA,NA,"admin_0","RCA"
"720","wash_2_source_autre_usage",NA,"eau_camion",NA,0.00547725068994039,NA,NA,NA,"admin_0","RCA"
"811","wash_2_source_autre_usage",NA,"source_amen",NA,0.0522374720956375,NA,NA,NA,"admin_0","RCA"
"99","wash_2_source_autre_usage",NA,"source_non_amen",NA,0.186232120303491,NA,NA,NA,"admin_0","RCA"
"106","wash_2_source_autre_usage",NA,"eau_de_pluie",NA,0.0996932725662889,NA,NA,NA,"admin_0","RCA"
"1111","wash_2_source_autre_usage",NA,"cours_d_eau",NA,0.0666592503227494,NA,NA,NA,"admin_0","RCA"
"1211","wash_2_source_autre_usage",NA,"autre",NA,0.00207864518874568,NA,NA,NA,"admin_0","RCA"
"1310","wash_2_source_autre_usage",NA,"nsp",NA,0.000541539582554451,NA,NA,NA,"admin_0","RCA"
"155","wash_4_temps",NA,"0_5_min",NA,0.122727959649697,NA,NA,NA,"admin_0","RCA"
"255","wash_4_temps",NA,"16_30_min",NA,0.230266312816463,NA,NA,NA,"admin_0","RCA"
"351","wash_4_temps",NA,"31_plus_min",NA,0.268480823998209,NA,NA,NA,"admin_0","RCA"
"433","wash_4_temps",NA,"5_15_min",NA,0.329583585259728,NA,NA,NA,"admin_0","RCA"
"533","wash_4_temps",NA,"nsp",NA,0.019708926204688,NA,NA,NA,"admin_0","RCA"
"630","wash_4_temps",NA,"sur_place",NA,0.0292323920712154,NA,NA,NA,"admin_0","RCA"
"156","wash_5_saison_seche",NA,"non",NA,0.353742596605464,NA,NA,NA,"admin_0","RCA"
"256","wash_5_saison_seche",NA,"nsp",NA,0.00398699943913762,NA,NA,NA,"admin_0","RCA"
"352","wash_5_saison_seche",NA,"oui",NA,0.642270403955399,NA,NA,NA,"admin_0","RCA"
"dependent.var43","wash_6_nb_bidons","NA","NA","NA",2.82007427457351,NA,NA,NA,"admin_0","RCA"
"dependent.var44","volume_total_recipients","NA","NA","NA",118.547623551589,NA,NA,NA,"admin_0","RCA"
"dependent.var45","volume_total_recipients_pp","NA","NA","NA",22.5691505536678,NA,NA,NA,"admin_0","RCA"
"157","wash_9_insuff_raisons_certains_groupes",NA,"filles",NA,0.525739775428338,NA,NA,NA,"admin_0","RCA"
"257","wash_9_insuff_raisons_certains_groupes",NA,"gracons",NA,0.23848237073969,NA,NA,NA,"admin_0","RCA"
"353","wash_9_insuff_raisons_certains_groupes",NA,"femmes",NA,0.100271302682088,NA,NA,NA,"admin_0","RCA"
"434","wash_9_insuff_raisons_certains_groupes",NA,"hommes",NA,0.0484949525836445,NA,NA,NA,"admin_0","RCA"
"534","wash_9_insuff_raisons_certains_groupes",NA,"personnes_agees",NA,0.39888472731856,NA,NA,NA,"admin_0","RCA"
"631","wash_9_insuff_raisons_certains_groupes",NA,"minorites_ethniques",NA,0.0934547937273637,NA,NA,NA,"admin_0","RCA"
"721","wash_9_insuff_raisons_certains_groupes",NA,"personnes_handi",NA,0.198448644802122,NA,NA,NA,"admin_0","RCA"
"812","wash_9_insuff_raisons_certains_groupes",NA,"autre",NA,0.0401448846139126,NA,NA,NA,"admin_0","RCA"
"158","wash_10_infra_sanit",NA,"autre",NA,0.0105893541034551,NA,NA,NA,"admin_0","RCA"
"258","wash_10_infra_sanit",NA,"defec_air_libre",NA,0.198091919816971,NA,NA,NA,"admin_0","RCA"
"354","wash_10_infra_sanit",NA,"defec_air_libre_cours_d_eau",NA,0.0219340106113869,NA,NA,NA,"admin_0","RCA"
"435","wash_10_infra_sanit",NA,"defec_air_libre_zone_precise",NA,0.0170925347465575,NA,NA,NA,"admin_0","RCA"
"535","wash_10_infra_sanit",NA,"latrine_acceptable",NA,0.19298471884591,NA,NA,NA,"admin_0","RCA"
"632","wash_10_infra_sanit",NA,"latrine_non_acceptable",NA,0.555742919538946,NA,NA,NA,"admin_0","RCA"
"722","wash_10_infra_sanit",NA,"nsp",NA,0.00356454233677255,NA,NA,NA,"admin_0","RCA"
"159","wash_11_sanit_partagee",NA,"non",NA,0.500503809878228,NA,NA,NA,"admin_0","RCA"
"259","wash_11_sanit_partagee",NA,"nsp",NA,0.0054332943395782,NA,NA,NA,"admin_0","RCA"
"355","wash_11_sanit_partagee",NA,"oui",NA,0.494062895782194,NA,NA,NA,"admin_0","RCA"
"160","wash_12_sanit_partagee_par_genre",NA,"non",NA,0.903691252543443,NA,NA,NA,"admin_0","RCA"
"260","wash_12_sanit_partagee_par_genre",NA,"nsp",NA,0.000849010969265318,NA,NA,NA,"admin_0","RCA"
"356","wash_12_sanit_partagee_par_genre",NA,"oui",NA,0.095459736487292,NA,NA,NA,"admin_0","RCA"
"161","wash_13_sanit_partagee_espace_femmes",NA,"non",NA,0.927980225051703,NA,NA,NA,"admin_0","RCA"
"261","wash_13_sanit_partagee_espace_femmes",NA,"nsp",NA,0.00592460228003685,NA,NA,NA,"admin_0","RCA"
"357","wash_13_sanit_partagee_espace_femmes",NA,"oui",NA,0.0660951726682599,NA,NA,NA,"admin_0","RCA"
"162","wash_14_suffisant",NA,"insuff",NA,0.445220049300603,NA,NA,NA,"admin_0","RCA"
"262","wash_14_suffisant",NA,"juste_assez",NA,0.130181159920371,NA,NA,NA,"admin_0","RCA"
"358","wash_14_suffisant",NA,"pas_suff_du_tout",NA,0.284245333592155,NA,NA,NA,"admin_0","RCA"
"436","wash_14_suffisant",NA,"plus_que_suff",NA,0.0167057967081954,NA,NA,NA,"admin_0","RCA"
"536","wash_14_suffisant",NA,"suff",NA,0.123647660478676,NA,NA,NA,"admin_0","RCA"
"163","wash_15_insuff_raisons_certains_groupes",NA,"autre",NA,0.0266404377517542,NA,NA,NA,"admin_0","RCA"
"263","wash_15_insuff_raisons_certains_groupes",NA,"femmes",NA,0.094972645333587,NA,NA,NA,"admin_0","RCA"
"359","wash_15_insuff_raisons_certains_groupes",NA,"filles",NA,0.216096089620673,NA,NA,NA,"admin_0","RCA"
"437","wash_15_insuff_raisons_certains_groupes",NA,"gracons",NA,0.111740878385472,NA,NA,NA,"admin_0","RCA"
"537","wash_15_insuff_raisons_certains_groupes",NA,"hommes",NA,0.0203439876646288,NA,NA,NA,"admin_0","RCA"
"633","wash_15_insuff_raisons_certains_groupes",NA,"minorites_ethniques",NA,0.0269148652175971,NA,NA,NA,"admin_0","RCA"
"723","wash_15_insuff_raisons_certains_groupes",NA,"personnes_agees",NA,0.398619567924293,NA,NA,NA,"admin_0","RCA"
"813","wash_15_insuff_raisons_certains_groupes",NA,"personnes_handi",NA,0.104671528101994,NA,NA,NA,"admin_0","RCA"
"164","wash_18_lavage_main_moment",NA,"apres_toilette",NA,0.526986596157048,NA,NA,NA,"admin_0","RCA"
"264","wash_18_lavage_main_moment",NA,"apres_nettoyage",NA,0.0979100502529051,NA,NA,NA,"admin_0","RCA"
"360","wash_18_lavage_main_moment",NA,"avant_cuisiner",NA,0.239538098927055,NA,NA,NA,"admin_0","RCA"
"438","wash_18_lavage_main_moment",NA,"avant_manger",NA,0.869494510803449,NA,NA,NA,"admin_0","RCA"
"538","wash_18_lavage_main_moment",NA,"avant_allaitement",NA,0.0514949198992115,NA,NA,NA,"admin_0","RCA"
"634","wash_18_lavage_main_moment",NA,"apres_champs",NA,0.210614509639148,NA,NA,NA,"admin_0","RCA"
"724","wash_18_lavage_main_moment",NA,"autre",NA,0.148804273959828,NA,NA,NA,"admin_0","RCA"
"814","wash_18_lavage_main_moment",NA,"nsp",NA,0.00603732069502141,NA,NA,NA,"admin_0","RCA"
"165","wash_19_lavage_main_moyens",NA,"eau",NA,0.769761624630165,NA,NA,NA,"admin_0","RCA"
"265","wash_19_lavage_main_moyens",NA,"savon",NA,0.585902839908936,NA,NA,NA,"admin_0","RCA"
"361","wash_19_lavage_main_moyens",NA,"cendre",NA,0.062021224902217,NA,NA,NA,"admin_0","RCA"
"439","wash_19_lavage_main_moyens",NA,"nsp",NA,0.00348564853530263,NA,NA,NA,"admin_0","RCA"
"166","wash_20_dechets",NA,"non",NA,0.49409124953286,NA,NA,NA,"admin_0","RCA"
"266","wash_20_dechets",NA,"nsp",NA,0.0151709522949118,NA,NA,NA,"admin_0","RCA"
"362","wash_20_dechets",NA,"oui",NA,0.490737798172228,NA,NA,NA,"admin_0","RCA"
"167","wash_20_excrements",NA,"non",NA,0.692454836056497,NA,NA,NA,"admin_0","RCA"
"267","wash_20_excrements",NA,"nsp",NA,0.0245695071256693,NA,NA,NA,"admin_0","RCA"
"363","wash_20_excrements",NA,"oui",NA,0.282975656817834,NA,NA,NA,"admin_0","RCA"
"168","wash_20_eau_stagnante",NA,"non",NA,0.66545727144959,NA,NA,NA,"admin_0","RCA"
"268","wash_20_eau_stagnante",NA,"nsp",NA,0.0251668374690666,NA,NA,NA,"admin_0","RCA"
"364","wash_20_eau_stagnante",NA,"oui",NA,0.309375891081344,NA,NA,NA,"admin_0","RCA"
"169","wash_20_animaux_morts",NA,"non",NA,0.802160244822182,NA,NA,NA,"admin_0","RCA"
"269","wash_20_animaux_morts",NA,"nsp",NA,0.0368661235118842,NA,NA,NA,"admin_0","RCA"
"365","wash_20_animaux_morts",NA,"oui",NA,0.160973631665934,NA,NA,NA,"admin_0","RCA"
"170","wash_20_rongeurs",NA,"non",NA,0.530206626674959,NA,NA,NA,"admin_0","RCA"
"270","wash_20_rongeurs",NA,"nsp",NA,0.0439633753042493,NA,NA,NA,"admin_0","RCA"
"366","wash_20_rongeurs",NA,"oui",NA,0.425829998020791,NA,NA,NA,"admin_0","RCA"
"171","sante_5_deces",NA,"non",NA,0.717985013789627,NA,NA,NA,"admin_0","RCA"
"271","sante_5_deces",NA,"nsp",NA,0.00785063512967159,NA,NA,NA,"admin_0","RCA"
"367","sante_5_deces",NA,"oui",NA,0.274164351080701,NA,NA,NA,"admin_0","RCA"
"172","sante_5_deces_relation",NA,"autre",NA,0.00909051633648521,NA,NA,NA,"admin_0","RCA"
"272","sante_5_deces_relation",NA,"famille_eloignee",NA,0.109386667452889,NA,NA,NA,"admin_0","RCA"
"368","sante_5_deces_relation",NA,"famille_proche",NA,0.881522816210626,NA,NA,NA,"admin_0","RCA"
"dependent.var46","sante_5_deces_age","NA","NA","NA",39.288153870122,NA,NA,NA,"admin_0","RCA"
"173","sante_5_deces_sexe",NA,"femme",NA,0.3797346344554,NA,NA,NA,"admin_0","RCA"
"273","sante_5_deces_sexe",NA,"homme",NA,0.6202653655446,NA,NA,NA,"admin_0","RCA"
"174","sante_5_deces_cause",NA,"acc_CA",NA,0.109898828637286,NA,NA,NA,"admin_0","RCA"
"274","sante_5_deces_cause",NA,"acc_route",NA,0.060237740104018,NA,NA,NA,"admin_0","RCA"
"369","sante_5_deces_cause",NA,"acc_travail",NA,0.00928249546192164,NA,NA,NA,"admin_0","RCA"
"440","sante_5_deces_cause",NA,"autre",NA,0.0430149708078098,NA,NA,NA,"admin_0","RCA"
"539","sante_5_deces_cause",NA,"catast_nat",NA,0.0199166004255379,NA,NA,NA,"admin_0","RCA"
"635","sante_5_deces_cause",NA,"cause_animale",NA,0.0498560993290305,NA,NA,NA,"admin_0","RCA"
"725","sante_5_deces_cause",NA,"maladie_autre",NA,0.449102616451151,NA,NA,NA,"admin_0","RCA"
"815","sante_5_deces_cause",NA,"maladie_diarr",NA,0.173580952910277,NA,NA,NA,"admin_0","RCA"
"910","sante_5_deces_cause",NA,"manque_nourrit",NA,0.0283958971817758,NA,NA,NA,"admin_0","RCA"
"107","sante_5_deces_cause",NA,"naturelle",NA,0.0566132049688479,NA,NA,NA,"admin_0","RCA"
"1112","sante_5_deces_cause",NA,"TRUE",NA,0.000100593722344037,NA,NA,NA,"admin_0","RCA"
"175","protect_2_femmes",NA,"non",NA,0.60580365440436,NA,NA,NA,"admin_0","RCA"
"275","protect_2_femmes",NA,"oui",NA,0.39419634559564,NA,NA,NA,"admin_0","RCA"
"176","protect_2_femmes_risque",NA,"vol_betail",NA,0.0568194448698959,NA,NA,NA,"admin_0","RCA"
"276","protect_2_femmes_risque",NA,"pillage_criminalite",NA,0.246720719939316,NA,NA,NA,"admin_0","RCA"
"370","protect_2_femmes_risque",NA,"harcelement",NA,0.0866872190393783,NA,NA,NA,"admin_0","RCA"
"441","protect_2_femmes_risque",NA,"mariage_force",NA,0.0646300950492658,NA,NA,NA,"admin_0","RCA"
"540","protect_2_femmes_risque",NA,"separation_famille",NA,0.201012503092236,NA,NA,NA,"admin_0","RCA"
"636","protect_2_femmes_risque",NA,"violence_voisins",NA,0.123495226098426,NA,NA,NA,"admin_0","RCA"
"726","protect_2_femmes_risque",NA,"conflits_fonciers",NA,0.0312289203900648,NA,NA,NA,"admin_0","RCA"
"816","protect_2_femmes_risque",NA,"incident_transhumance",NA,0.0681971421830962,NA,NA,NA,"admin_0","RCA"
"911","protect_2_femmes_risque",NA,"violence_sexuelles",NA,0.362100755948951,NA,NA,NA,"admin_0","RCA"
"108","protect_2_femmes_risque",NA,"recrutement_force",NA,0.0202737788637439,NA,NA,NA,"admin_0","RCA"
"1113","protect_2_femmes_risque",NA,"travail_force",NA,0.041989175609539,NA,NA,NA,"admin_0","RCA"
"1212","protect_2_femmes_risque",NA,"enlevement",NA,0.0881737949418672,NA,NA,NA,"admin_0","RCA"
"1311","protect_2_femmes_risque",NA,"enlevement_travail_force",NA,0.0285029004924892,NA,NA,NA,"admin_0","RCA"
"14","protect_2_femmes_risque",NA,"meurtre_diff_groupes",NA,0.0161030050035034,NA,NA,NA,"admin_0","RCA"
"15","protect_2_femmes_risque",NA,"meurtre_meme_groupe",NA,0.00470145520410679,NA,NA,NA,"admin_0","RCA"
"16","protect_2_femmes_risque",NA,"tensions_communautes",NA,0.0361806478201498,NA,NA,NA,"admin_0","RCA"
"17","protect_2_femmes_risque",NA,"autre",NA,0.111653299753969,NA,NA,NA,"admin_0","RCA"
"18","protect_2_femmes_risque",NA,"nsp",NA,0.00520194303455877,NA,NA,NA,"admin_0","RCA"
"177","protect_2_hommes",NA,"non",NA,0.613156941723158,NA,NA,NA,"admin_0","RCA"
"277","protect_2_hommes",NA,"oui",NA,0.386843058276842,NA,NA,NA,"admin_0","RCA"
"178","protect_2_hommes_risque",NA,"vol_betail",NA,0.13248348718512,NA,NA,NA,"admin_0","RCA"
"278","protect_2_hommes_risque",NA,"pillage_criminalite",NA,0.347895623957127,NA,NA,NA,"admin_0","RCA"
"371","protect_2_hommes_risque",NA,"harcelement",NA,0.0721128562067269,NA,NA,NA,"admin_0","RCA"
"442","protect_2_hommes_risque",NA,"mariage_force",NA,0.0463885503418415,NA,NA,NA,"admin_0","RCA"
"541","protect_2_hommes_risque",NA,"separation_famille",NA,0.0997568382711468,NA,NA,NA,"admin_0","RCA"
"637","protect_2_hommes_risque",NA,"violence_voisins",NA,0.135417688560544,NA,NA,NA,"admin_0","RCA"
"727","protect_2_hommes_risque",NA,"conflits_fonciers",NA,0.0573441632752844,NA,NA,NA,"admin_0","RCA"
"817","protect_2_hommes_risque",NA,"incident_transhumance",NA,0.0725021629823999,NA,NA,NA,"admin_0","RCA"
"912","protect_2_hommes_risque",NA,"violence_sexuelles",NA,0.037909194092869,NA,NA,NA,"admin_0","RCA"
"109","protect_2_hommes_risque",NA,"recrutement_force",NA,0.146279355054567,NA,NA,NA,"admin_0","RCA"
"1114","protect_2_hommes_risque",NA,"travail_force",NA,0.121162810465422,NA,NA,NA,"admin_0","RCA"
"1213","protect_2_hommes_risque",NA,"enlevement",NA,0.142209279618102,NA,NA,NA,"admin_0","RCA"
"1312","protect_2_hommes_risque",NA,"enlevement_travail_force",NA,0.0657005970108698,NA,NA,NA,"admin_0","RCA"
"1410","protect_2_hommes_risque",NA,"meurtre_diff_groupes",NA,0.0472232823367876,NA,NA,NA,"admin_0","RCA"
"1510","protect_2_hommes_risque",NA,"meurtre_meme_groupe",NA,0.0188875338403108,NA,NA,NA,"admin_0","RCA"
"1610","protect_2_hommes_risque",NA,"tensions_communautes",NA,0.0437428384514314,NA,NA,NA,"admin_0","RCA"
"179","protect_2_hommes_risque",NA,"autre",NA,0.10192932354635,NA,NA,NA,"admin_0","RCA"
"181","protect_2_hommes_risque",NA,"nsp",NA,0.00390881158095735,NA,NA,NA,"admin_0","RCA"
"180","protect_3_filles",NA,"non",NA,0.564501877010549,NA,NA,NA,"admin_0","RCA"
"279","protect_3_filles",NA,"oui",NA,0.435498122989452,NA,NA,NA,"admin_0","RCA"
"182","protect_3_filles_risque",NA,"vol_betail",NA,0.0331150192878763,NA,NA,NA,"admin_0","RCA"
"280","protect_3_filles_risque",NA,"pillage_criminalite",NA,0.121190226151837,NA,NA,NA,"admin_0","RCA"
"372","protect_3_filles_risque",NA,"harcelement",NA,0.0852618460183791,NA,NA,NA,"admin_0","RCA"
"443","protect_3_filles_risque",NA,"mariage_force",NA,0.404688619860584,NA,NA,NA,"admin_0","RCA"
"542","protect_3_filles_risque",NA,"separation_famille",NA,0.0953778122489837,NA,NA,NA,"admin_0","RCA"
"638","protect_3_filles_risque",NA,"violence_voisins",NA,0.128292592611892,NA,NA,NA,"admin_0","RCA"
"728","protect_3_filles_risque",NA,"conflits_fonciers",NA,0.0171460435805051,NA,NA,NA,"admin_0","RCA"
"818","protect_3_filles_risque",NA,"incident_transhumance",NA,0.029766927473201,NA,NA,NA,"admin_0","RCA"
"913","protect_3_filles_risque",NA,"violence_sexuelles",NA,0.475001248488768,NA,NA,NA,"admin_0","RCA"
"1010","protect_3_filles_risque",NA,"recrutement_force",NA,0.0174765843700269,NA,NA,NA,"admin_0","RCA"
"1115","protect_3_filles_risque",NA,"travail_force",NA,0.0496747269987392,NA,NA,NA,"admin_0","RCA"
"1214","protect_3_filles_risque",NA,"enlevement",NA,0.0720384013700998,NA,NA,NA,"admin_0","RCA"
"1313","protect_3_filles_risque",NA,"enlevement_travail_force",NA,0.0116714110935475,NA,NA,NA,"admin_0","RCA"
"1411","protect_3_filles_risque",NA,"meurtre_diff_groupes",NA,0.0102527872042804,NA,NA,NA,"admin_0","RCA"
"1511","protect_3_filles_risque",NA,"meurtre_meme_groupe",NA,0.00727570025834672,NA,NA,NA,"admin_0","RCA"
"1611","protect_3_filles_risque",NA,"tensions_communautes",NA,0.0188871726817939,NA,NA,NA,"admin_0","RCA"
"1710","protect_3_filles_risque",NA,"autre",NA,0.0200875094989002,NA,NA,NA,"admin_0","RCA"
"183","protect_3_filles_risque",NA,"nsp",NA,0.00706726373399184,NA,NA,NA,"admin_0","RCA"
"184","protect_3_garcons",NA,"non",NA,0.61042538925228,NA,NA,NA,"admin_0","RCA"
"281","protect_3_garcons",NA,"oui",NA,0.38957461074772,NA,NA,NA,"admin_0","RCA"
"185","protect_3_garcons_risque",NA,"vol_betail",NA,0.105284627834053,NA,NA,NA,"admin_0","RCA"
"282","protect_3_garcons_risque",NA,"pillage_criminalite",NA,0.276340511079965,NA,NA,NA,"admin_0","RCA"
"373","protect_3_garcons_risque",NA,"harcelement",NA,0.0656585397792799,NA,NA,NA,"admin_0","RCA"
"444","protect_3_garcons_risque",NA,"mariage_force",NA,0.0668572240432842,NA,NA,NA,"admin_0","RCA"
"543","protect_3_garcons_risque",NA,"separation_famille",NA,0.136780096140261,NA,NA,NA,"admin_0","RCA"
"639","protect_3_garcons_risque",NA,"violence_voisins",NA,0.159689575857638,NA,NA,NA,"admin_0","RCA"
"729","protect_3_garcons_risque",NA,"conflits_fonciers",NA,0.0409749018036482,NA,NA,NA,"admin_0","RCA"
"819","protect_3_garcons_risque",NA,"incident_transhumance",NA,0.0641017477456972,NA,NA,NA,"admin_0","RCA"
"914","protect_3_garcons_risque",NA,"violence_sexuelles",NA,0.0505887978178767,NA,NA,NA,"admin_0","RCA"
"1011","protect_3_garcons_risque",NA,"recrutement_force",NA,0.205166350808608,NA,NA,NA,"admin_0","RCA"
"1116","protect_3_garcons_risque",NA,"travail_force",NA,0.155503872866112,NA,NA,NA,"admin_0","RCA"
"1215","protect_3_garcons_risque",NA,"enlevement",NA,0.129665678750183,NA,NA,NA,"admin_0","RCA"
"1314","protect_3_garcons_risque",NA,"enlevement_travail_force",NA,0.0567522154878734,NA,NA,NA,"admin_0","RCA"
"1412","protect_3_garcons_risque",NA,"meurtre_diff_groupes",NA,0.0440010550638029,NA,NA,NA,"admin_0","RCA"
"1512","protect_3_garcons_risque",NA,"meurtre_meme_groupe",NA,0.0150649336798879,NA,NA,NA,"admin_0","RCA"
"1612","protect_3_garcons_risque",NA,"tensions_communautes",NA,0.0451212863772269,NA,NA,NA,"admin_0","RCA"
"1711","protect_3_garcons_risque",NA,"autre",NA,0.0439755343434333,NA,NA,NA,"admin_0","RCA"
"186","protect_3_garcons_risque",NA,"nsp",NA,0.00629853673292571,NA,NA,NA,"admin_0","RCA"
"187","protect_4",NA,"non",NA,0.918229112233354,NA,NA,NA,"admin_0","RCA"
"283","protect_4",NA,"nsp",NA,0.0126745562922117,NA,NA,NA,"admin_0","RCA"
"374","protect_4",NA,"oui",NA,0.0690963314744343,NA,NA,NA,"admin_0","RCA"
"188","protect_5_travail_force",NA,"agriculture_forets",NA,0.406105684188417,NA,NA,NA,"admin_0","RCA"
"284","protect_5_travail_force",NA,"peche",NA,0.0325723379236406,NA,NA,NA,"admin_0","RCA"
"375","protect_5_travail_force",NA,"mines",NA,0.188662620048396,NA,NA,NA,"admin_0","RCA"
"445","protect_5_travail_force",NA,"indutrie",NA,0.000863999713417513,NA,NA,NA,"admin_0","RCA"
"544","protect_5_travail_force",NA,"construction",NA,0.0499949315734715,NA,NA,NA,"admin_0","RCA"
"640","protect_5_travail_force",NA,"commerce_automobile",NA,0.0926560785720326,NA,NA,NA,"admin_0","RCA"
"730","protect_5_travail_force",NA,"hotellerie_restauration",NA,0.00431076449417557,NA,NA,NA,"admin_0","RCA"
"820","protect_5_travail_force",NA,"militaire",NA,0.218749989261791,NA,NA,NA,"admin_0","RCA"
"915","protect_5_travail_force",NA,"arts",NA,0.00292998889755257,NA,NA,NA,"admin_0","RCA"
"1012","protect_5_travail_force",NA,"prostitution",NA,0.0399372002751667,NA,NA,NA,"admin_0","RCA"
"1117","protect_5_travail_force",NA,"drogue",NA,0.0236826701965029,NA,NA,NA,"admin_0","RCA"
"1216","protect_5_travail_force",NA,"mendicite",NA,0.0349046111691181,NA,NA,NA,"admin_0","RCA"
"1315","protect_5_travail_force",NA,"services_personnels",NA,0.0414547673704216,NA,NA,NA,"admin_0","RCA"
"1413","protect_5_travail_force",NA,"travail_domestique",NA,0.171116893877063,NA,NA,NA,"admin_0","RCA"
"1513","protect_5_travail_force",NA,"combats",NA,0.0388899672511512,NA,NA,NA,"admin_0","RCA"
"1613","protect_5_travail_force",NA,"autres_actions_militaires",NA,0.0458348367470832,NA,NA,NA,"admin_0","RCA"
"1712","protect_5_travail_force",NA,"soutien_ga",NA,0.087470378560208,NA,NA,NA,"admin_0","RCA"
"189","protect_5_travail_force",NA,"portier",NA,0.02545854664045,NA,NA,NA,"admin_0","RCA"
"19","protect_5_travail_force",NA,"espion",NA,0.000559528067265602,NA,NA,NA,"admin_0","RCA"
"20","protect_5_travail_force",NA,"services_sexuels",NA,0.0151019511953044,NA,NA,NA,"admin_0","RCA"
"21","protect_5_travail_force",NA,"autre",NA,0.0528796037860207,NA,NA,NA,"admin_0","RCA"
"22","protect_5_travail_force",NA,"nsp",NA,0.000760030431607752,NA,NA,NA,"admin_0","RCA"
"190","protect_11",NA,"non",NA,0.884658049160548,NA,NA,NA,"admin_0","RCA"
"285","protect_11",NA,"oui",NA,0.115341950839452,NA,NA,NA,"admin_0","RCA"
"dependent.var47","protect_11_1","NA","NA","NA",0.877306962648904,NA,NA,NA,"admin_0","RCA"
"dependent.var48","protect_11_2","NA","NA","NA",0.84931537755841,NA,NA,NA,"admin_0","RCA"
"191","protect_13",NA,"comite_protection",NA,0.167636560174965,NA,NA,NA,"admin_0","RCA"
"286","protect_13",NA,"relais_communautaire",NA,0.199471646354174,NA,NA,NA,"admin_0","RCA"
"376","protect_13",NA,"administration_leg",NA,0.149878105323405,NA,NA,NA,"admin_0","RCA"
"446","protect_13",NA,"administration_loc",NA,0.585157535359053,NA,NA,NA,"admin_0","RCA"
"545","protect_13",NA,"centre_ecoute",NA,0.0802631823051932,NA,NA,NA,"admin_0","RCA"
"641","protect_13",NA,"autre",NA,0.0230613167836823,NA,NA,NA,"admin_0","RCA"
"731","protect_13",NA,"aucun",NA,0.126924359755798,NA,NA,NA,"admin_0","RCA"
"821","protect_13",NA,"nsp",NA,0.0367069198529118,NA,NA,NA,"admin_0","RCA"
"192","coping_1_aliments_moins_preferes",NA,"non",NA,0.138990267593467,NA,NA,NA,"admin_0","RCA"
"287","coping_1_aliments_moins_preferes",NA,"oui",NA,0.861009732406533,NA,NA,NA,"admin_0","RCA"
"dependent.var49","coping_1_1_aliments_moins_preferes_jours","NA","NA","NA",3.3179894782418,NA,NA,NA,"admin_0","RCA"
"193","coping_6_emprunt_nourriture_argent",NA,"non",NA,0.523999124120462,NA,NA,NA,"admin_0","RCA"
"288","coping_6_emprunt_nourriture_argent",NA,"oui",NA,0.476000875879538,NA,NA,NA,"admin_0","RCA"
"dependent.var50","coping_6_1_emprunter_nourriture_argent_jours","NA","NA","NA",1.12204244399593,NA,NA,NA,"admin_0","RCA"
"194","coping_3_diminution_quantite",NA,"non",NA,0.224854153035323,NA,NA,NA,"admin_0","RCA"
"289","coping_3_diminution_quantite",NA,"oui",NA,0.775145846964677,NA,NA,NA,"admin_0","RCA"
"dependent.var51","coping_3_1_diminution_quantite_jours","NA","NA","NA",2.76424273717486,NA,NA,NA,"admin_0","RCA"
"195","coping_2_restriction_adultes",NA,"non",NA,0.384235435282761,NA,NA,NA,"admin_0","RCA"
"290","coping_2_restriction_adultes",NA,"oui",NA,0.615764564717239,NA,NA,NA,"admin_0","RCA"
"dependent.var52","coping_2_1_restriction_nourriture_adultes_jours","NA","NA","NA",1.86655619393404,NA,NA,NA,"admin_0","RCA"
"196","coping_8_reduction_repas",NA,"non",NA,0.218223485059016,NA,NA,NA,"admin_0","RCA"
"291","coping_8_reduction_repas",NA,"oui",NA,0.781776514940984,NA,NA,NA,"admin_0","RCA"
"dependent.var53","coping_8_1_reduction_repas_jours","NA","NA","NA",2.82021531548602,NA,NA,NA,"admin_0","RCA"
"197","coping_4_reduction_eau_domestique",NA,"non",NA,0.603179567743823,NA,NA,NA,"admin_0","RCA"
"292","coping_4_reduction_eau_domestique",NA,"oui",NA,0.396820432256177,NA,NA,NA,"admin_0","RCA"
"dependent.var54","coping_4_1_reduction_eau_domestique_jours","NA","NA","NA",1.46066285695216,NA,NA,NA,"admin_0","RCA"
"198","coping_5_utilisation_eau_non_sure",NA,"non",NA,0.571447884325146,NA,NA,NA,"admin_0","RCA"
"293","coping_5_utilisation_eau_non_sure",NA,"oui",NA,0.428552115674854,NA,NA,NA,"admin_0","RCA"
"dependent.var55","coping_5_1_utilisation_eau_non_sure_jours","NA","NA","NA",2.03883132894878,NA,NA,NA,"admin_0","RCA"
"199","secal_11_lcs_actifs_non_prod",NA,"non_besoin",NA,0.736804696822628,NA,NA,NA,"admin_0","RCA"
"294","secal_11_lcs_actifs_non_prod",NA,"non_deja_fait",NA,0.0265881431257866,NA,NA,NA,"admin_0","RCA"
"377","secal_11_lcs_actifs_non_prod",NA,"oui",NA,0.236607160051585,NA,NA,NA,"admin_0","RCA"
"1100","secal_11_lcs_actifs_prod",NA,"non_besoin",NA,0.744508078712175,NA,NA,NA,"admin_0","RCA"
"295","secal_11_lcs_actifs_prod",NA,"non_deja_fait",NA,0.0477854074116259,NA,NA,NA,"admin_0","RCA"
"378","secal_11_lcs_actifs_prod",NA,"oui",NA,0.207706513876199,NA,NA,NA,"admin_0","RCA"
"1101","secal_11_lcs_reduire_dep",NA,"non_besoin",NA,0.746275670414329,NA,NA,NA,"admin_0","RCA"
"296","secal_11_lcs_reduire_dep",NA,"non_deja_fait",NA,0.0354062420181322,NA,NA,NA,"admin_0","RCA"
"379","secal_11_lcs_reduire_dep",NA,"oui",NA,0.218318087567538,NA,NA,NA,"admin_0","RCA"
"1102","secal_11_lcs_dep_epargne",NA,"non_besoin",NA,0.597294916671613,NA,NA,NA,"admin_0","RCA"
"297","secal_11_lcs_dep_epargne",NA,"non_deja_fait",NA,0.0312121503296876,NA,NA,NA,"admin_0","RCA"
"380","secal_11_lcs_dep_epargne",NA,"oui",NA,0.371492932998699,NA,NA,NA,"admin_0","RCA"
"1103","secal_11_lcs_emprunter",NA,"non_besoin",NA,0.730639318543032,NA,NA,NA,"admin_0","RCA"
"298","secal_11_lcs_emprunter",NA,"non_deja_fait",NA,0.0254806447497836,NA,NA,NA,"admin_0","RCA"
"381","secal_11_lcs_emprunter",NA,"oui",NA,0.243880036707184,NA,NA,NA,"admin_0","RCA"
"1104","secal_11_lcs_retirer_ecole",NA,"non_besoin",NA,0.553022898568328,NA,NA,NA,"admin_0","RCA"
"299","secal_11_lcs_retirer_ecole",NA,"non_deja_fait",NA,0.0156226058854256,NA,NA,NA,"admin_0","RCA"
"382","secal_11_lcs_retirer_ecole",NA,"non_perti",NA,0.345054280635204,NA,NA,NA,"admin_0","RCA"
"447","secal_11_lcs_retirer_ecole",NA,"oui",NA,0.0863002149110425,NA,NA,NA,"admin_0","RCA"
"1105","secal_11_lcs_vendre_maison",NA,"non_besoin",NA,0.519468554343962,NA,NA,NA,"admin_0","RCA"
"2100","secal_11_lcs_vendre_maison",NA,"non_deja_fait",NA,0.0130384745453201,NA,NA,NA,"admin_0","RCA"
"383","secal_11_lcs_vendre_maison",NA,"non_perti",NA,0.380889008008678,NA,NA,NA,"admin_0","RCA"
"448","secal_11_lcs_vendre_maison",NA,"oui",NA,0.0866039631020392,NA,NA,NA,"admin_0","RCA"
"1106","secal_11_lcs_activites_risquees",NA,"non_besoin",NA,0.948037919214305,NA,NA,NA,"admin_0","RCA"
"2101","secal_11_lcs_activites_risquees",NA,"non_deja_fait",NA,0.0179266953382812,NA,NA,NA,"admin_0","RCA"
"384","secal_11_lcs_activites_risquees",NA,"oui",NA,0.0340353854474138,NA,NA,NA,"admin_0","RCA"
"1107","secal_11_lcs_mendier",NA,"non_besoin",NA,0.90784839847259,NA,NA,NA,"admin_0","RCA"
"2102","secal_11_lcs_mendier",NA,"non_deja_fait",NA,0.0175375762538862,NA,NA,NA,"admin_0","RCA"
"385","secal_11_lcs_mendier",NA,"oui",NA,0.074614025273524,NA,NA,NA,"admin_0","RCA"
"1108","secal_11_lcs_vendre_animaux",NA,"non_besoin",NA,0.520570724545644,NA,NA,NA,"admin_0","RCA"
"2103","secal_11_lcs_vendre_animaux",NA,"non_deja_fait",NA,0.0202460795520971,NA,NA,NA,"admin_0","RCA"
"386","secal_11_lcs_vendre_animaux",NA,"non_perti",NA,0.322720702050369,NA,NA,NA,"admin_0","RCA"
"449","secal_11_lcs_vendre_animaux",NA,"oui",NA,0.13646249385189,NA,NA,NA,"admin_0","RCA"
"1109","secal_11_lcs_consommer_semences",NA,"non_besoin",NA,0.51393383440057,NA,NA,NA,"admin_0","RCA"
"2104","secal_11_lcs_consommer_semences",NA,"non_deja_fait",NA,0.0215187214383134,NA,NA,NA,"admin_0","RCA"
"387","secal_11_lcs_consommer_semences",NA,"oui",NA,0.464547444161117,NA,NA,NA,"admin_0","RCA"
"1118","aap_1_source_confiance",NA,"amis_famille",NA,0.0606448814728154,NA,NA,NA,"admin_0","RCA"
"2105","aap_1_source_confiance",NA,"autre",NA,0.0132213304409839,NA,NA,NA,"admin_0","RCA"
"388","aap_1_source_confiance",NA,"chef_communaut",NA,0.584443136078925,NA,NA,NA,"admin_0","RCA"
"450","aap_1_source_confiance",NA,"faca",NA,0.0413626634985391,NA,NA,NA,"admin_0","RCA"
"546","aap_1_source_confiance",NA,"fonctionnaires_gouvernement",NA,0.024004424119974,NA,NA,NA,"admin_0","RCA"
"642","aap_1_source_confiance",NA,"gendarmerie",NA,0.0377338089532315,NA,NA,NA,"admin_0","RCA"
"732","aap_1_source_confiance",NA,"groupes_armes",NA,0.010542881989823,NA,NA,NA,"admin_0","RCA"
"822","aap_1_source_confiance",NA,"humanitaires_ong_internationales",NA,0.0709118228624828,NA,NA,NA,"admin_0","RCA"
"916","aap_1_source_confiance",NA,"humanitaires_ong_nationales",NA,0.0211411514489746,NA,NA,NA,"admin_0","RCA"
"1013","aap_1_source_confiance",NA,"humanitaires_onu",NA,0.0114303468653532,NA,NA,NA,"admin_0","RCA"
"1119","aap_1_source_confiance",NA,"leaders_religieux",NA,0.0723895515614253,NA,NA,NA,"admin_0","RCA"
"1217","aap_1_source_confiance",NA,"nsp",NA,0.0313926019324422,NA,NA,NA,"admin_0","RCA"
"1316","aap_1_source_confiance",NA,"radio",NA,0.0207501810652472,NA,NA,NA,"admin_0","RCA"
"1414","aap_1_source_confiance",NA,"TRUE",NA,3.12177097831524e-05,NA,NA,NA,"admin_0","RCA"
"1120","aap_2_type_information",NA,"nouvelles_zone_actuelle",NA,0.449446922487291,NA,NA,NA,"admin_0","RCA"
"2106","aap_2_type_information",NA,"nouvelles_zone_passee",NA,0.180817049124127,NA,NA,NA,"admin_0","RCA"
"389","aap_2_type_information",NA,"personnes_manquantes",NA,0.0453688030235588,NA,NA,NA,"admin_0","RCA"
"451","aap_2_type_information",NA,"securite_zone_actuelle",NA,0.397382701629833,NA,NA,NA,"admin_0","RCA"
"547","aap_2_type_information",NA,"enregistrement_aide_humanitaire",NA,0.25447936860689,NA,NA,NA,"admin_0","RCA"
"643","aap_2_type_information",NA,"eau",NA,0.120530994192318,NA,NA,NA,"admin_0","RCA"
"733","aap_2_type_information",NA,"nourriture",NA,0.137053646234485,NA,NA,NA,"admin_0","RCA"
"823","aap_2_type_information",NA,"abri_logement_materiel",NA,0.0934805393244317,NA,NA,NA,"admin_0","RCA"
"917","aap_2_type_information",NA,"nutrition",NA,0.0422745804487855,NA,NA,NA,"admin_0","RCA"
"1014","aap_2_type_information",NA,"nourriture_prix",NA,0.0318008875223317,NA,NA,NA,"admin_0","RCA"
"1121","aap_2_type_information",NA,"cultures_prix_betail",NA,0.0122226329513478,NA,NA,NA,"admin_0","RCA"
"1218","aap_2_type_information",NA,"combustible_bois_chauffage",NA,0.0132523885458728,NA,NA,NA,"admin_0","RCA"
"1317","aap_2_type_information",NA,"meteo_locale",NA,0.00388130115224275,NA,NA,NA,"admin_0","RCA"
"1415","aap_2_type_information",NA,"soins_consultation",NA,0.0856005644983467,NA,NA,NA,"admin_0","RCA"
"1514","aap_2_type_information",NA,"aide_attaque_harcelement_enlevement",NA,0.015371993800698,NA,NA,NA,"admin_0","RCA"
"1614","aap_2_type_information",NA,"aide_travail_force",NA,0.0101378503837635,NA,NA,NA,"admin_0","RCA"
"1713","aap_2_type_information",NA,"aide_violences_sexuelles",NA,0.016634324782119,NA,NA,NA,"admin_0","RCA"
"1810","aap_2_type_information",NA,"prevention_attaques_harcelement_enlevement",NA,0.022266015518444,NA,NA,NA,"admin_0","RCA"
"1910","aap_2_type_information",NA,"documents_personnels",NA,0.0250046328916484,NA,NA,NA,"admin_0","RCA"
"201","aap_2_type_information",NA,"education",NA,0.0454443960050915,NA,NA,NA,"admin_0","RCA"
"2110","aap_2_type_information",NA,"travail",NA,0.0313660881713515,NA,NA,NA,"admin_0","RCA"
"2210","aap_2_type_information",NA,"transport",NA,0.0088003292726231,NA,NA,NA,"admin_0","RCA"
"23","aap_2_type_information",NA,"argent_soutien_financier",NA,0.0319364824706021,NA,NA,NA,"admin_0","RCA"
"24","aap_2_type_information",NA,"retour_lieu_origine",NA,0.00848884114204835,NA,NA,NA,"admin_0","RCA"
"25","aap_2_type_information",NA,"retrouver_logement",NA,0.00753387524937964,NA,NA,NA,"admin_0","RCA"
"26","aap_2_type_information",NA,"aide_agences_humanitaires",NA,0.0214239178278419,NA,NA,NA,"admin_0","RCA"
"27","aap_2_type_information",NA,"plaite_type_aide",NA,0.0091596394876276,NA,NA,NA,"admin_0","RCA"
"28","aap_2_type_information",NA,"plainte_maniere_aide",NA,0.00647126018510003,NA,NA,NA,"admin_0","RCA"
"29","aap_2_type_information",NA,"comportement_fournisseurs_aide",NA,0.00507403013289326,NA,NA,NA,"admin_0","RCA"
"30","aap_2_type_information",NA,"autre",NA,0.0114118800036174,NA,NA,NA,"admin_0","RCA"
"31","aap_2_type_information",NA,"nsp",NA,0.012284349175544,NA,NA,NA,"admin_0","RCA"
"1122","aap_3_canal_information",NA,"appel",NA,0.165742689964536,NA,NA,NA,"admin_0","RCA"
"2107","aap_3_canal_information",NA,"autre",NA,0.031225947081646,NA,NA,NA,"admin_0","RCA"
"390","aap_3_canal_information",NA,"autre_reseau_social",NA,0.0380905865521298,NA,NA,NA,"admin_0","RCA"
"452","aap_3_canal_information",NA,"face_a_face",NA,0.141971214591191,NA,NA,NA,"admin_0","RCA"
"548","aap_3_canal_information",NA,"facebook",NA,0.00311909982986553,NA,NA,NA,"admin_0","RCA"
"644","aap_3_canal_information",NA,"feuillets",NA,0.0170485600665106,NA,NA,NA,"admin_0","RCA"
"734","aap_3_canal_information",NA,"film",NA,0.00237404375151826,NA,NA,NA,"admin_0","RCA"
"824","aap_3_canal_information",NA,"hauts_parleurs",NA,0.235740568712851,NA,NA,NA,"admin_0","RCA"
"918","aap_3_canal_information",NA,"journaux",NA,0.0459320062789314,NA,NA,NA,"admin_0","RCA"
"1015","aap_3_canal_information",NA,"magasine",NA,0.00523272310314541,NA,NA,NA,"admin_0","RCA"
"1123","aap_3_canal_information",NA,"musique",NA,0.00420809276337454,NA,NA,NA,"admin_0","RCA"
"1219","aap_3_canal_information",NA,"nsp",NA,0.0387623941159873,NA,NA,NA,"admin_0","RCA"
"1318","aap_3_canal_information",NA,"panneaux_informatifs",NA,0.0508841988591866,NA,NA,NA,"admin_0","RCA"
"1416","aap_3_canal_information",NA,"posters",NA,0.0282898707305799,NA,NA,NA,"admin_0","RCA"
"1515","aap_3_canal_information",NA,"radio",NA,0.146356431729473,NA,NA,NA,"admin_0","RCA"
"1615","aap_3_canal_information",NA,"sms",NA,0.0196105951856639,NA,NA,NA,"admin_0","RCA"
"1714","aap_3_canal_information",NA,"theatre",NA,0.00439698005265514,NA,NA,NA,"admin_0","RCA"
"1811","aap_3_canal_information",NA,"TRUE",NA,3.12177097831524e-05,NA,NA,NA,"admin_0","RCA"
"1911","aap_3_canal_information",NA,"tv",NA,0.0207065964733011,NA,NA,NA,"admin_0","RCA"
"202","aap_3_canal_information",NA,"whatsapp",NA,0.00027618244767016,NA,NA,NA,"admin_0","RCA"
"1124","aap_4_retour_fournisseurs_aide",NA,"face_a_face_maison",NA,0.453461822899077,NA,NA,NA,"admin_0","RCA"
"2108","aap_4_retour_fournisseurs_aide",NA,"face_a_face_bureau",NA,0.216038608145227,NA,NA,NA,"admin_0","RCA"
"391","aap_4_retour_fournisseurs_aide",NA,"reunion_communautaire",NA,0.597008318404036,NA,NA,NA,"admin_0","RCA"
"453","aap_4_retour_fournisseurs_aide",NA,"telephone",NA,0.102653477289659,NA,NA,NA,"admin_0","RCA"
"549","aap_4_retour_fournisseurs_aide",NA,"sms",NA,0.015833582406615,NA,NA,NA,"admin_0","RCA"
"645","aap_4_retour_fournisseurs_aide",NA,"email",NA,0.00267866912513213,NA,NA,NA,"admin_0","RCA"
"735","aap_4_retour_fournisseurs_aide",NA,"lettre",NA,0.0264176840692821,NA,NA,NA,"admin_0","RCA"
"825","aap_4_retour_fournisseurs_aide",NA,"reseau_social",NA,0.00449733276500418,NA,NA,NA,"admin_0","RCA"
"919","aap_4_retour_fournisseurs_aide",NA,"boite_plaintes_suggestions",NA,0.0523023148994983,NA,NA,NA,"admin_0","RCA"
"1016","aap_4_retour_fournisseurs_aide",NA,"autre",NA,0.0286815505369975,NA,NA,NA,"admin_0","RCA"
"1125","aap_4_retour_fournisseurs_aide",NA,"nsp",NA,0.0341107910662503,NA,NA,NA,"admin_0","RCA"
"dependent.var56","sum_sante_1_accouch_cs","NA","NA","NA",0.375636775363719,NA,NA,NA,"admin_0","RCA"
"1126","sante_1_accouch_maison_raison",NA,"acces_mat_dangereux",NA,0.182535458443121,NA,NA,NA,"admin_0","RCA"
"2109","sante_1_accouch_maison_raison",NA,"accouch_assiste",NA,0.0914089622242942,NA,NA,NA,"admin_0","RCA"
"392","sante_1_accouch_maison_raison",NA,"autre",NA,0.0118041560386176,NA,NA,NA,"admin_0","RCA"
"454","sante_1_accouch_maison_raison",NA,"culture",NA,0.0198767409457191,NA,NA,NA,"admin_0","RCA"
"550","sante_1_accouch_maison_raison",NA,"impossibilite_physique",NA,0.245892413302212,NA,NA,NA,"admin_0","RCA"
"646","sante_1_accouch_maison_raison",NA,"manque_staff",NA,0.0163691703929163,NA,NA,NA,"admin_0","RCA"
"736","sante_1_accouch_maison_raison",NA,"mat_fermee",NA,0.125898494363505,NA,NA,NA,"admin_0","RCA"
"826","sante_1_accouch_maison_raison",NA,"mat_surpeupl",NA,0.00469221463381082,NA,NA,NA,"admin_0","RCA"
"920","sante_1_accouch_maison_raison",NA,"mat_trop_cher",NA,0.291853065239824,NA,NA,NA,"admin_0","RCA"
"1017","sante_1_accouch_maison_raison",NA,"nsp",NA,0.00436684854363184,NA,NA,NA,"admin_0","RCA"
"1127","sante_1_accouch_maison_raison",NA,"qualite_infrastructure",NA,0.00464956711524894,NA,NA,NA,"admin_0","RCA"
"1220","sante_1_accouch_maison_raison",NA,"TRUE",NA,0.000652908757098927,NA,NA,NA,"admin_0","RCA"
"dependent.var57","taille_abri_pp","NA","NA","NA",5.69380818979059,NA,NA,NA,"admin_0","RCA"
"dependent.var58","moust_pp","NA","NA","NA",0.267095588659562,NA,NA,NA,"admin_0","RCA"
"dependent.var59","sup_couchage_pp","NA","NA","NA",0.397413994698873,NA,NA,NA,"admin_0","RCA"
"dependent.var60","draps_pp","NA","NA","NA",0.392141911156675,NA,NA,NA,"admin_0","RCA"
"dependent.var61","score_nfi_tot","NA","NA","NA",2.7923230185191,NA,NA,NA,"admin_0","RCA"
"1128","sphere_nfi",NA,"non",NA,0.92025002691986,NA,NA,NA,"admin_0","RCA"
"2111","sphere_nfi",NA,"oui",NA,0.0797499730801402,NA,NA,NA,"admin_0","RCA"
"dependent.var62","sum_item_list","NA","NA","NA",7.95460625392007,NA,NA,NA,"admin_0","RCA"
"dependent.var63","rcsi","NA","NA","NA",16.7462010006966,NA,NA,NA,"admin_0","RCA"
"dependent.var64","hhs_nofood_score","NA","NA","NA",0.862050822409092,NA,NA,NA,"admin_0","RCA"
"dependent.var65","hhs_sleephungry_score","NA","NA","NA",0.861290378178124,NA,NA,NA,"admin_0","RCA"
"dependent.var66","hhs_daynighthunger_score","NA","NA","NA",0.795674905460307,NA,NA,NA,"admin_0","RCA"
"dependent.var67","hhs_score","NA","NA","NA",2.51901610604752,NA,NA,NA,"admin_0","RCA"
"dependent.var68","secal_11_lcs_actifs_non_prod_score","NA","NA","NA",0.263195303177372,NA,NA,NA,"admin_0","RCA"
"dependent.var69","secal_11_lcs_actifs_prod_score","NA","NA","NA",0.255491921287825,NA,NA,NA,"admin_0","RCA"
"dependent.var70","secal_11_lcs_reduire_dep_score","NA","NA","NA",0.253724329585671,NA,NA,NA,"admin_0","RCA"
"dependent.var71","secal_11_lcs_dep_epargne_score","NA","NA","NA",0.402705083328387,NA,NA,NA,"admin_0","RCA"
"dependent.var72","secal_11_lcs_emprunter_score","NA","NA","NA",0.269360681456968,NA,NA,NA,"admin_0","RCA"
"dependent.var73","secal_11_lcs_retirer_ecole_score","NA","NA","NA",0.101922820796468,NA,NA,NA,"admin_0","RCA"
"dependent.var74","secal_11_lcs_vendre_maison_score","NA","NA","NA",0.0996424376473594,NA,NA,NA,"admin_0","RCA"
"dependent.var75","secal_11_lcs_activites_risquees_score","NA","NA","NA",0.0519620807856949,NA,NA,NA,"admin_0","RCA"
"dependent.var76","secal_11_lcs_mendier_score","NA","NA","NA",0.0921516015274102,NA,NA,NA,"admin_0","RCA"
"dependent.var77","secal_11_lcs_vendre_animaux_score","NA","NA","NA",0.156708573403987,NA,NA,NA,"admin_0","RCA"
"dependent.var78","secal_11_lcs_consommer_semences_score","NA","NA","NA",0.486066165599431,NA,NA,NA,"admin_0","RCA"
"dependent.var79","fcs_score2","NA","NA","NA",40.0112985457205,NA,NA,NA,"admin_0","RCA"
"dependent.var80","fcs_score_poor","NA","NA","NA",0.134443069749004,NA,NA,NA,"admin_0","RCA"
"dependent.var81","fcs_score_borderline","NA","NA","NA",0.275100075406008,NA,NA,NA,"admin_0","RCA"
"dependent.var82","fcs_score_acceptable","NA","NA","NA",0.590456854844987,NA,NA,NA,"admin_0","RCA"
"dependent.var83","rcsi_high","NA","NA","NA",0.351857324675032,NA,NA,NA,"admin_0","RCA"
"dependent.var84","rcsi_med","NA","NA","NA",0.560563061091835,NA,NA,NA,"admin_0","RCA"
"dependent.var85","rcsi_low","NA","NA","NA",0.0875796142331326,NA,NA,NA,"admin_0","RCA"
"dependent.var86","hhs_light","NA","NA","NA",0.187448090620944,NA,NA,NA,"admin_0","RCA"
"dependent.var87","hhs_moderate","NA","NA","NA",0.727863432571033,NA,NA,NA,"admin_0","RCA"
"dependent.var88","hhs_severe","NA","NA","NA",0.0846884768080226,NA,NA,NA,"admin_0","RCA"
"1129","source_eau_boisson",NA,"amelioree",NA,0.775371115223168,NA,NA,NA,"admin_0","RCA"
"2112","source_eau_boisson",NA,"non_amelioree",NA,0.137014813799536,NA,NA,NA,"admin_0","RCA"
"393","source_eau_boisson",NA,"surface",NA,0.0876140709772954,NA,NA,NA,"admin_0","RCA"
"1130","source_eau_autresusages",NA,"amelioree",NA,0.760546164531712,NA,NA,NA,"admin_0","RCA"
"2113","source_eau_autresusages",NA,"non_amelioree",NA,0.23008494863944,NA,NA,NA,"admin_0","RCA"
"394","source_eau_autresusages",NA,"surface",NA,0.00936888682884788,NA,NA,NA,"admin_0","RCA"
"1131","source_eau_combinee",NA,"amelioree",NA,0.677689577625463,NA,NA,NA,"admin_0","RCA"
"2114","source_eau_combinee",NA,"non_amelioree",NA,0.243470497762101,NA,NA,NA,"admin_0","RCA"
"395","source_eau_combinee",NA,"surface",NA,0.0788399246124359,NA,NA,NA,"admin_0","RCA"
"dependent.var89","aumoins_unadulte_secu","NA","NA","NA",0.407938963945272,NA,NA,NA,"admin_0","RCA"
"dependent.var90","aumoins_unenfant_secu","NA","NA","NA",0.409404037431927,NA,NA,NA,"admin_0","RCA"
"dependent.var91","sante_indicator_accouchement_assiste","NA","NA","NA",0.620470762830324,NA,NA,NA,"admin_0","RCA"
"dependent.var92","sante_indicator_accouchement_non_assiste","NA","NA","NA",0.247744159852634,NA,NA,NA,"admin_0","RCA"
"dependent.var93","sante_indicator_accouchement_nsp","NA","NA","NA",0.131785077317043,NA,NA,NA,"admin_0","RCA"
"dependent.var94","sante_5_deces_5moins","NA","NA","NA",0.0908556083414437,NA,NA,NA,"admin_0","RCA"
"dependent.var95","protect_11_1_aumoinsun","NA","NA","NA",0.53671366989589,NA,NA,NA,"admin_0","RCA"
"1132","admin_2",NA,"Abba",NA,0.0045265137754181,NA,NA,NA,"admin_0","RCA"
"2115","admin_2",NA,"Alindao",NA,0.0240512710267913,NA,NA,NA,"admin_0","RCA"
"396","admin_2",NA,"Amada_Gaza",NA,0.00430779095191618,NA,NA,NA,"admin_0","RCA"
"455","admin_2",NA,"Baboua",NA,0.0121106527752705,NA,NA,NA,"admin_0","RCA"
"551","admin_2",NA,"Bakala",NA,0.00166139459769607,NA,NA,NA,"admin_0","RCA"
"647","admin_2",NA,"Bakouma",NA,0.0056718123957415,NA,NA,NA,"admin_0","RCA"
"737","admin_2",NA,"Bambari",NA,0.0346780542357697,NA,NA,NA,"admin_0","RCA"
"827","admin_2",NA,"Bambio",NA,0.00224790134701799,NA,NA,NA,"admin_0","RCA"
"921","admin_2",NA,"Bamingui",NA,0.00220595450415461,NA,NA,NA,"admin_0","RCA"
"1018","admin_2",NA,"Bangassou",NA,0.0254872013440967,NA,NA,NA,"admin_0","RCA"
"1133","admin_2",NA,"Bangui",NA,0.168140174364037,NA,NA,NA,"admin_0","RCA"
"1221","admin_2",NA,"Baoro",NA,0.00863281007143697,NA,NA,NA,"admin_0","RCA"
"1319","admin_2",NA,"Batangafo",NA,0.0207584438620159,NA,NA,NA,"admin_0","RCA"
"1417","admin_2",NA,"Bayanga",NA,0.00198947883294895,NA,NA,NA,"admin_0","RCA"
"1516","admin_2",NA,"Berberati",NA,0.0337290069159857,NA,NA,NA,"admin_0","RCA"
"1616","admin_2",NA,"Bimbo",NA,0.0463078164196422,NA,NA,NA,"admin_0","RCA"
"1715","admin_2",NA,"Birao",NA,0.0100110634798052,NA,NA,NA,"admin_0","RCA"
"1812","admin_2",NA,"Boali",NA,0.00517893699209676,NA,NA,NA,"admin_0","RCA"
"1912","admin_2",NA,"Bocaranga",NA,0.0214902664598288,NA,NA,NA,"admin_0","RCA"
"203","admin_2",NA,"Boda",NA,0.0115151574167636,NA,NA,NA,"admin_0","RCA"
"2116","admin_2",NA,"Boganangone",NA,0.00647179861320741,NA,NA,NA,"admin_0","RCA"
"2211","admin_2",NA,"Boganda",NA,0.00257598558227087,NA,NA,NA,"admin_0","RCA"
"2310","admin_2",NA,"Bogangolo",NA,0.00163367971937562,NA,NA,NA,"admin_0","RCA"
"2410","admin_2",NA,"Bossangoa",NA,0.0252864557389648,NA,NA,NA,"admin_0","RCA"
"2510","admin_2",NA,"Bossembele",NA,0.00698115313369133,NA,NA,NA,"admin_0","RCA"
"2610","admin_2",NA,"Bossemtele",NA,0.00382165700516021,NA,NA,NA,"admin_0","RCA"
"2710","admin_2",NA,"Bouar",NA,0.0289485649310911,NA,NA,NA,"admin_0","RCA"
"2810","admin_2",NA,"Bouca",NA,0.0134402178838866,NA,NA,NA,"admin_0","RCA"
"2910","admin_2",NA,"Bozoum",NA,0.011524895076714,NA,NA,NA,"admin_0","RCA"
"301","admin_2",NA,"Bria",NA,0.0269133940014517,NA,NA,NA,"admin_0","RCA"
"3110","admin_2",NA,"Carnot",NA,0.0231846192912032,NA,NA,NA,"admin_0","RCA"
"32","admin_2",NA,"Damara",NA,0.00586881274704631,NA,NA,NA,"admin_0","RCA"
"33","admin_2",NA,"Dede_Mokouba",NA,0.00483137743694303,NA,NA,NA,"admin_0","RCA"
"34","admin_2",NA,"Dekoa",NA,0.00874666578778044,NA,NA,NA,"admin_0","RCA"
"35","admin_2",NA,"Gadzi",NA,0.0131241184608805,NA,NA,NA,"admin_0","RCA"
"36","admin_2",NA,"Gambo",NA,0.00531151897757567,NA,NA,NA,"admin_0","RCA"
"37","admin_2",NA,"Gamboula",NA,0.0072275908355137,NA,NA,NA,"admin_0","RCA"
"38","admin_2",NA,"Grimari",NA,0.00813169510937265,NA,NA,NA,"admin_0","RCA"
"39","admin_2",NA,"Ippy",NA,0.00868299647271994,NA,NA,NA,"admin_0","RCA"
"40","admin_2",NA,"Kabo",NA,0.0107481294329761,NA,NA,NA,"admin_0","RCA"
"41","admin_2",NA,"Kaga_Bandoro",NA,0.0413753171293678,NA,NA,NA,"admin_0","RCA"
"42","admin_2",NA,"Kembe",NA,0.00913392503350129,NA,NA,NA,"admin_0","RCA"
"43","admin_2",NA,"Kouango",NA,0.015172023253532,NA,NA,NA,"admin_0","RCA"
"44","admin_2",NA,"Koui",NA,0.00813244416013807,NA,NA,NA,"admin_0","RCA"
"45","admin_2",NA,"Mala",NA,0.00345911643469813,NA,NA,NA,"admin_0","RCA"
"46","admin_2",NA,"Markounda",NA,0.00734219560262258,NA,NA,NA,"admin_0","RCA"
"47","admin_2",NA,"Mbaiki",NA,0.033962710754796,NA,NA,NA,"admin_0","RCA"
"48","admin_2",NA,"Mbres",NA,0.00429730424120034,NA,NA,NA,"admin_0","RCA"
"49","admin_2",NA,"Mobaye",NA,0.0136926479918324,NA,NA,NA,"admin_0","RCA"
"50","admin_2",NA,"Mongoumba",NA,0.00511526767703628,NA,NA,NA,"admin_0","RCA"
"51","admin_2",NA,"Nana_Bakassa",NA,0.00939084944603951,NA,NA,NA,"admin_0","RCA"
"52","admin_2",NA,"Nangha_Boguila",NA,0.00450179510015932,NA,NA,NA,"admin_0","RCA"
"53","admin_2",NA,"Ndele",NA,0.00911669686589669,NA,NA,NA,"admin_0","RCA"
"54","admin_2",NA,"Ndjoukou",NA,0.00694295154465504,NA,NA,NA,"admin_0","RCA"
"55","admin_2",NA,"Ngaoundaye",NA,0.0189352542989896,NA,NA,NA,"admin_0","RCA"
"56","admin_2",NA,"Nola",NA,0.0167150678302921,NA,NA,NA,"admin_0","RCA"
"57","admin_2",NA,"Obo",NA,0.00981181597620416,NA,NA,NA,"admin_0","RCA"
"58","admin_2",NA,"Ouango",NA,0.0136117505091673,NA,NA,NA,"admin_0","RCA"
"59","admin_2",NA,"Paoua",NA,0.0504470709493395,NA,NA,NA,"admin_0","RCA"
"60","admin_2",NA,"Rafai",NA,0.00612648621034993,NA,NA,NA,"admin_0","RCA"
"61","admin_2",NA,"Satema",NA,0.00651898881142872,NA,NA,NA,"admin_0","RCA"
"62","admin_2",NA,"Sibut",NA,0.0097069488690457,NA,NA,NA,"admin_0","RCA"
"63","admin_2",NA,"Sosso_Nakombo",NA,0.00266587167412097,NA,NA,NA,"admin_0","RCA"
"64","admin_2",NA,"Yaloke",NA,0.0090784952768604,NA,NA,NA,"admin_0","RCA"
"65","admin_2",NA,"Zangba",NA,0.00735418041486926,NA,NA,NA,"admin_0","RCA"
"66","admin_2",NA,"Zemio",NA,0.00923579593759808,NA,NA,NA,"admin_0","RCA"
"dependent.var96","sum_educ_2_inscrit_18_19.filles_7_12","NA","NA","NA",0.424783918725318,NA,NA,NA,"admin_0","RCA"
"dependent.var97","sum_educ_2_inscrit_18_19.filles_13_18","NA","NA","NA",0.217509452524179,NA,NA,NA,"admin_0","RCA"
"dependent.var98","sum_educ_2_inscrit_18_19.garcons_7_12","NA","NA","NA",0.499871511444405,NA,NA,NA,"admin_0","RCA"
"dependent.var99","sum_educ_2_inscrit_18_19.garcons_13_18","NA","NA","NA",0.285327094458372,NA,NA,NA,"admin_0","RCA"
"dependent.var100","sum_educ_3_presence_18_19.filles_13_18.0m","NA","NA","NA",0.000514358257512764,NA,NA,NA,"admin_0","RCA"
"dependent.var101","sum_educ_3_presence_18_19.filles_13_18.0m_3m","NA","NA","NA",0.00224566698060372,NA,NA,NA,"admin_0","RCA"
"dependent.var102","sum_educ_3_presence_18_19.filles_13_18.12m","NA","NA","NA",0.191034976502933,NA,NA,NA,"admin_0","RCA"
"dependent.var103","sum_educ_3_presence_18_19.filles_13_18.3m_6m","NA","NA","NA",0.0102043963426628,NA,NA,NA,"admin_0","RCA"
"dependent.var104","sum_educ_3_presence_18_19.filles_13_18.6m_12m","NA","NA","NA",0.013510054440467,NA,NA,NA,"admin_0","RCA"
"dependent.var105","sum_educ_3_presence_18_19.filles_7_12.0m","NA","NA","NA",0.000629573825619472,NA,NA,NA,"admin_0","RCA"
"dependent.var106","sum_educ_3_presence_18_19.filles_7_12.0m_3m","NA","NA","NA",0.0035960136734585,NA,NA,NA,"admin_0","RCA"
"dependent.var107","sum_educ_3_presence_18_19.filles_7_12.12m","NA","NA","NA",0.354770790844616,NA,NA,NA,"admin_0","RCA"
"dependent.var108","sum_educ_3_presence_18_19.filles_7_12.3m_6m","NA","NA","NA",0.0123335452834777,NA,NA,NA,"admin_0","RCA"
"dependent.var109","sum_educ_3_presence_18_19.filles_7_12.6m_12m","NA","NA","NA",0.0534539950981462,NA,NA,NA,"admin_0","RCA"
"dependent.var110","sum_educ_3_presence_18_19.garcons_13_18.0m","NA","NA","NA",0.00319993382339343,NA,NA,NA,"admin_0","RCA"
"dependent.var111","sum_educ_3_presence_18_19.garcons_13_18.0m_3m","NA","NA","NA",0.00149067674971011,NA,NA,NA,"admin_0","RCA"
"dependent.var112","sum_educ_3_presence_18_19.garcons_13_18.12m","NA","NA","NA",0.250318886475282,NA,NA,NA,"admin_0","RCA"
"dependent.var113","sum_educ_3_presence_18_19.garcons_13_18.3m_6m","NA","NA","NA",0.00899599546636583,NA,NA,NA,"admin_0","RCA"
"dependent.var114","sum_educ_3_presence_18_19.garcons_13_18.6m_12m","NA","NA","NA",0.0213216019436204,NA,NA,NA,"admin_0","RCA"
"dependent.var115","sum_educ_3_presence_18_19.garcons_7_12.0m","NA","NA","NA",0.00115520445286925,NA,NA,NA,"admin_0","RCA"
"dependent.var116","sum_educ_3_presence_18_19.garcons_7_12.0m_3m","NA","NA","NA",0.00807398242008319,NA,NA,NA,"admin_0","RCA"
"dependent.var117","sum_educ_3_presence_18_19.garcons_7_12.12m","NA","NA","NA",0.42843379085172,NA,NA,NA,"admin_0","RCA"
"dependent.var118","sum_educ_3_presence_18_19.garcons_7_12.3m_6m","NA","NA","NA",0.0164113700656526,NA,NA,NA,"admin_0","RCA"
"dependent.var119","sum_educ_3_presence_18_19.garcons_7_12.6m_12m","NA","NA","NA",0.0457971636540795,NA,NA,NA,"admin_0","RCA"
"dependent.var120","lcs_crise","NA","NA","NA",0.61806362074983,NA,NA,NA,"admin_0","RCA"
"dependent.var121","lcs_minimal","NA","NA","NA",0.265392231587068,NA,NA,NA,"admin_0","RCA"
"dependent.var122","lcs_stress","NA","NA","NA",0.585674734258853,NA,NA,NA,"admin_0","RCA"
"dependent.var123","lcs_urgence","NA","NA","NA",0.194784445873095,NA,NA,NA,"admin_0","RCA"
"1134","lcs_total",NA,"crise",NA,0.449900116475155,NA,NA,NA,"admin_0","RCA"
"2117","lcs_total",NA,"minimal",NA,0.265392231587068,NA,NA,NA,"admin_0","RCA"
"397","lcs_total",NA,"stress",NA,0.0899232060646814,NA,NA,NA,"admin_0","RCA"
"456","lcs_total",NA,"urgence",NA,0.194784445873095,NA,NA,NA,"admin_0","RCA"
"dependent.var124","sum_ig_7_gr_vulnerable.aucune","NA","NA","NA",5.15347519398589,NA,NA,NA,"admin_0","RCA"
"dependent.var125","sum_ig_7_gr_vulnerable.ena","NA","NA","NA",0.0147569744878137,NA,NA,NA,"admin_0","RCA"
"dependent.var126","sum_ig_7_gr_vulnerable.es","NA","NA","NA",0.0813730018901106,NA,NA,NA,"admin_0","RCA"
"dependent.var127","sum_ig_7_gr_vulnerable.fa","NA","NA","NA",0.20485764184818,NA,NA,NA,"admin_0","RCA"
"dependent.var128","sum_ig_7_gr_vulnerable.fe","NA","NA","NA",0.130401727053824,NA,NA,NA,"admin_0","RCA"
"dependent.var129","sum_ig_7_gr_vulnerable.handi","NA","NA","NA",0.102881601196294,NA,NA,NA,"admin_0","RCA"
"dependent.var130","sum_ig_7_gr_vulnerable.handi_ment","NA","NA","NA",0.0153698939639102,NA,NA,NA,"admin_0","RCA"
"dependent.var131","sum_ig_7_gr_vulnerable.handi_phy","NA","NA","NA",0.090073482057108,NA,NA,NA,"admin_0","RCA"
"dependent.var132","sum_ig_7_gr_vulnerable.nsp","NA","NA","NA",0.222844773438633,NA,NA,NA,"admin_0","RCA"
"dependent.var133","sum_sante_2_malade_non","NA","NA","NA",2.94199101921676,NA,NA,NA,"admin_0","RCA"
"dependent.var134","sum_sante_2_malade_nsp","NA","NA","NA",0.188580479592461,NA,NA,NA,"admin_0","RCA"
"dependent.var135","sum_sante_2_malade_oui","NA","NA","NA",2.77384828876318,NA,NA,NA,"admin_0","RCA"
"dependent.var136","sum_sante_2_soin_recu_non","NA","NA","NA",0.148334070461498,NA,NA,NA,"admin_0","RCA"
"dependent.var137","sum_sante_2_soin_recu_oui_autre","NA","NA","NA",0.00764992140241876,NA,NA,NA,"admin_0","RCA"
"dependent.var138","sum_sante_2_soin_recu_oui_cs","NA","NA","NA",1.1765606177624,NA,NA,NA,"admin_0","RCA"
"dependent.var139","sum_sante_2_soin_recu_oui_maison","NA","NA","NA",1.4179080000778,NA,NA,NA,"admin_0","RCA"
"dependent.var140","sum_sante_3_soin_non_recu_infra_detruite_ca","NA","NA","NA",0.00206162766664056,NA,NA,NA,"admin_0","RCA"
"dependent.var141","sum_sante_3_soin_non_recu_infra_detruite_nat","NA","NA","NA",0.00019102684869365,NA,NA,NA,"admin_0","RCA"
"dependent.var142","sum_sante_3_soin_non_recu_infra_inexis","NA","NA","NA",0.0134701537297507,NA,NA,NA,"admin_0","RCA"
"dependent.var143","sum_sante_3_soin_non_recu_infra_trop_loin","NA","NA","NA",0.0113911483478225,NA,NA,NA,"admin_0","RCA"
"dependent.var144","sum_sante_3_soin_non_recu_insecurite","NA","NA","NA",0.00221693918564895,NA,NA,NA,"admin_0","RCA"
"dependent.var145","sum_sante_3_soin_non_recu_medic_indisp","NA","NA","NA",0.0171015119863749,NA,NA,NA,"admin_0","RCA"
"dependent.var146","sum_sante_3_soin_non_recu_non_autre","NA","NA","NA",0.00196238157265094,NA,NA,NA,"admin_0","RCA"
"dependent.var147","sum_sante_3_soin_non_recu_nsp","NA","NA","NA",0.000755662479903414,NA,NA,NA,"admin_0","RCA"
"dependent.var148","sum_sante_3_soin_non_recu_qualite_trop_faible","NA","NA","NA",0.00293737419715626,NA,NA,NA,"admin_0","RCA"
"dependent.var149","sum_sante_3_soin_non_recu_staff_indisp","NA","NA","NA",0.000988827239132473,NA,NA,NA,"admin_0","RCA"
"dependent.var150","sum_sante_3_soin_non_recu_trop_cher","NA","NA","NA",0.0954702145684036,NA,NA,NA,"admin_0","RCA"
"dependent.var151","school_age_enfants","NA","NA","NA",1.87745322208298,NA,NA,NA,"admin_0","RCA"
"dependent.var152","protect_11_1_aumoinsun","NA","NA","NA",0.53671366989589,NA,NA,NA,"admin_0","RCA"
"1135","educ_5_ecole_acces_1",NA,"acces_dangereux",NA,0.0648374292301943,NA,NA,NA,"admin_0","RCA"
"2118","educ_5_ecole_acces_1",NA,"acces_impossible",NA,0.0517666331521206,NA,NA,NA,"admin_0","RCA"
"398","educ_5_ecole_acces_1",NA,"aucune",NA,0.097855317849957,NA,NA,NA,"admin_0","RCA"
"457","educ_5_ecole_acces_1",NA,"autre",NA,0.131417350591905,NA,NA,NA,"admin_0","RCA"
"552","educ_5_ecole_acces_1",NA,"culturel",NA,0.00473863091530913,NA,NA,NA,"admin_0","RCA"
"648","educ_5_ecole_acces_1",NA,"cursus",NA,0.00621738949197674,NA,NA,NA,"admin_0","RCA"
"738","educ_5_ecole_acces_1",NA,"enfants_occupes",NA,0.0145027154970235,NA,NA,NA,"admin_0","RCA"
"828","educ_5_ecole_acces_1",NA,"financier",NA,0.33137986653364,NA,NA,NA,"admin_0","RCA"
"922","educ_5_ecole_acces_1",NA,"infra",NA,0.0110029584078058,NA,NA,NA,"admin_0","RCA"
"1019","educ_5_ecole_acces_1",NA,"logistique",NA,0.041760147629258,NA,NA,NA,"admin_0","RCA"
"1136","educ_5_ecole_acces_1",NA,"manque_interet",NA,0.0694178926455842,NA,NA,NA,"admin_0","RCA"
"1222","educ_5_ecole_acces_1",NA,"manque_staff",NA,0.0369201116044897,NA,NA,NA,"admin_0","RCA"
"1320","educ_5_ecole_acces_1",NA,"non_fonct",NA,0.0962681301829135,NA,NA,NA,"admin_0","RCA"
"1418","educ_5_ecole_acces_1",NA,"physique",NA,0.0221425199985621,NA,NA,NA,"admin_0","RCA"
"1517","educ_5_ecole_acces_1",NA,"surpeuplee",NA,0.0197729062692604,NA,NA,NA,"admin_0","RCA"
"1137","educ_5_ecole_acces_2",NA,"acces_dangereux",NA,0.11218403119547,NA,NA,NA,"admin_0","RCA"
"2119","educ_5_ecole_acces_2",NA,"acces_impossible",NA,0.0613620908880772,NA,NA,NA,"admin_0","RCA"
"399","educ_5_ecole_acces_2",NA,"aucune",NA,0.135313207200449,NA,NA,NA,"admin_0","RCA"
"458","educ_5_ecole_acces_2",NA,"autre",NA,0.109267544444219,NA,NA,NA,"admin_0","RCA"
"553","educ_5_ecole_acces_2",NA,"culturel",NA,0.00189224144581444,NA,NA,NA,"admin_0","RCA"
"649","educ_5_ecole_acces_2",NA,"cursus",NA,0.0115217500275897,NA,NA,NA,"admin_0","RCA"
"739","educ_5_ecole_acces_2",NA,"enfants_occupes",NA,0.00497399916841596,NA,NA,NA,"admin_0","RCA"
"829","educ_5_ecole_acces_2",NA,"financier",NA,0.189585890741442,NA,NA,NA,"admin_0","RCA"
"923","educ_5_ecole_acces_2",NA,"infra",NA,0.0271015826007341,NA,NA,NA,"admin_0","RCA"
"1020","educ_5_ecole_acces_2",NA,"logistique",NA,0.140732909254879,NA,NA,NA,"admin_0","RCA"
"1138","educ_5_ecole_acces_2",NA,"manque_interet",NA,0.0644989230052197,NA,NA,NA,"admin_0","RCA"
"1223","educ_5_ecole_acces_2",NA,"manque_staff",NA,0.0657805196199143,NA,NA,NA,"admin_0","RCA"
"1321","educ_5_ecole_acces_2",NA,"non_fonct",NA,0.0351097686577073,NA,NA,NA,"admin_0","RCA"
"1419","educ_5_ecole_acces_2",NA,"physique",NA,0.0191353953495239,NA,NA,NA,"admin_0","RCA"
"1518","educ_5_ecole_acces_2",NA,"surpeuplee",NA,0.021540146400545,NA,NA,NA,"admin_0","RCA"
"1139","educ_5_ecole_acces_3",NA,"acces_dangereux",NA,0.0773608294273817,NA,NA,NA,"admin_0","RCA"
"2120","educ_5_ecole_acces_3",NA,"acces_impossible",NA,0.0801331473185743,NA,NA,NA,"admin_0","RCA"
"3100","educ_5_ecole_acces_3",NA,"aucune",NA,0.134571061432415,NA,NA,NA,"admin_0","RCA"
"459","educ_5_ecole_acces_3",NA,"autre",NA,0.118007260544746,NA,NA,NA,"admin_0","RCA"
"554","educ_5_ecole_acces_3",NA,"culturel",NA,0.0131813399541437,NA,NA,NA,"admin_0","RCA"
"650","educ_5_ecole_acces_3",NA,"cursus",NA,0.0270558488229628,NA,NA,NA,"admin_0","RCA"
"740","educ_5_ecole_acces_3",NA,"enfants_occupes",NA,0.0122485315498811,NA,NA,NA,"admin_0","RCA"
"830","educ_5_ecole_acces_3",NA,"financier",NA,0.0926545309318546,NA,NA,NA,"admin_0","RCA"
"924","educ_5_ecole_acces_3",NA,"infra",NA,0.0609834718394759,NA,NA,NA,"admin_0","RCA"
"1021","educ_5_ecole_acces_3",NA,"logistique",NA,0.140633315817813,NA,NA,NA,"admin_0","RCA"
"1140","educ_5_ecole_acces_3",NA,"manque_interet",NA,0.0593539318312911,NA,NA,NA,"admin_0","RCA"
"1224","educ_5_ecole_acces_3",NA,"manque_staff",NA,0.0864924635198868,NA,NA,NA,"admin_0","RCA"
"1322","educ_5_ecole_acces_3",NA,"non_fonct",NA,0.0275963301646482,NA,NA,NA,"admin_0","RCA"
"1420","educ_5_ecole_acces_3",NA,"physique",NA,0.0315339641937395,NA,NA,NA,"admin_0","RCA"
"1519","educ_5_ecole_acces_3",NA,"surpeuplee",NA,0.0381939726511873,NA,NA,NA,"admin_0","RCA"
"1141","pin_mssc_rev",NA,"1",NA,0.00901856520090998,NA,NA,NA,"admin_0","RCA"
"2121","pin_mssc_rev",NA,"2",NA,0.0898842284635383,NA,NA,NA,"admin_0","RCA"
"3101","pin_mssc_rev",NA,"3",NA,0.236559922928386,NA,NA,NA,"admin_0","RCA"
"460","pin_mssc_rev",NA,"4",NA,0.664537283407165,NA,NA,NA,"admin_0","RCA"
"1142","pin_mssc_dep",NA,"1",NA,0.103409619578065,NA,NA,NA,"admin_0","RCA"
"2122","pin_mssc_dep",NA,"2",NA,0.109000692020223,NA,NA,NA,"admin_0","RCA"
"3102","pin_mssc_dep",NA,"3",NA,0.220534088778858,NA,NA,NA,"admin_0","RCA"
"461","pin_mssc_dep",NA,"4",NA,0.17052481090482,NA,NA,NA,"admin_0","RCA"
"555","pin_mssc_dep",NA,"5",NA,0.396530788718034,NA,NA,NA,"admin_0","RCA"
"dependent.var153","pin_score_nfi","NA","NA","NA",3.34570260678702,NA,NA,NA,"admin_0","RCA"
"dependent.var154","pin_abri_surface","NA","NA","NA",1.52936670288679,NA,NA,NA,"admin_0","RCA"
"dependent.var155","pin_educ_freq","NA","NA","NA",2.16663913204374,NA,NA,NA,"admin_0","RCA"
"1143","pin_sante_lieuaccouchement",NA,"non",NA,0.400304797552683,NA,NA,NA,"admin_0","RCA"
"2123","pin_sante_lieuaccouchement",NA,"oui",NA,0.599695202447317,NA,NA,NA,"admin_0","RCA"
"dependent.var156","pin_mssc_marche","NA","NA","NA",3.28812458653467,NA,NA,NA,"admin_0","RCA"
"1144","pin_mssc_rev",NA,"1",NA,0.00901856520090998,NA,NA,NA,"admin_0","RCA"
"2124","pin_mssc_rev",NA,"2",NA,0.0898842284635383,NA,NA,NA,"admin_0","RCA"
"3103","pin_mssc_rev",NA,"3",NA,0.236559922928386,NA,NA,NA,"admin_0","RCA"
"462","pin_mssc_rev",NA,"4",NA,0.664537283407165,NA,NA,NA,"admin_0","RCA"
"1145","pin_mssc_dep",NA,"1",NA,0.103409619578065,NA,NA,NA,"admin_0","RCA"
"2125","pin_mssc_dep",NA,"2",NA,0.109000692020223,NA,NA,NA,"admin_0","RCA"
"3104","pin_mssc_dep",NA,"3",NA,0.220534088778858,NA,NA,NA,"admin_0","RCA"
"463","pin_mssc_dep",NA,"4",NA,0.17052481090482,NA,NA,NA,"admin_0","RCA"
"556","pin_mssc_dep",NA,"5",NA,0.396530788718034,NA,NA,NA,"admin_0","RCA"
"dependent.var157","pin_protec_acces_service","NA","NA","NA",1.4811017253978,NA,NA,NA,"admin_0","RCA"
"dependent.var158","pin_secal_hhs","NA","NA","NA",2.83372838770214,NA,NA,NA,"admin_0","RCA"
"dependent.var159","pin_secal_lcs","NA","NA","NA",2.57407677663428,NA,NA,NA,"admin_0","RCA"
"dependent.var160","pin_secal_fcs","NA","NA","NA",2.36307250521404,NA,NA,NA,"admin_0","RCA"
"dependent.var161","pin_sante_diarrhee","NA","NA","NA",1.59186497874915,NA,NA,NA,"admin_0","RCA"
"dependent.var162","pin_wash_source","NA","NA","NA",2.90218064125138,NA,NA,NA,"admin_0","RCA"
"dependent.var163","pin_wash_infra","NA","NA","NA",3.83084304224683,NA,NA,NA,"admin_0","RCA"
"dependent.var164","pin_protec_detresse","NA","NA","NA",0.0758768071369005,NA,NA,NA,"admin_0","RCA"
"dependent.var165","protec_2_peur","NA","NA","NA",0.407938963945272,NA,NA,NA,"admin_0","RCA"
"dependent.var166","protect_gbv_oui","NA","NA","NA",0.315474544163338,NA,NA,NA,"admin_0","RCA"
"1146","sphere_nfi",NA,"non",NA,0.92025002691986,NA,NA,NA,"admin_0","RCA"
"2126","sphere_nfi",NA,"oui",NA,0.0797499730801402,NA,NA,NA,"admin_0","RCA"
"dependent.var167","ig_1_age","NA","NA","NA",38.2047905494769,NA,NA,NA,"admin_0","RCA"
"1147","ig_2_sexe",NA,"femme",NA,0.511187896083974,NA,NA,NA,"admin_0","RCA"
"2127","ig_2_sexe",NA,"homme",NA,0.488812103916026,NA,NA,NA,"admin_0","RCA"
"1148","doc_legale",NA,"aucun",NA,0.408785431402734,NA,NA,NA,"admin_0","RCA"
"2128","doc_legale",NA,"incomp",NA,0.385903926624692,NA,NA,NA,"admin_0","RCA"
"3105","doc_legale",NA,"tous",NA,0.205310641972574,NA,NA,NA,"admin_0","RCA"
"1149","doc_propriete",NA,"aucun",NA,0.570506274523435,NA,NA,NA,"admin_0","RCA"
"2129","doc_propriete",NA,"complet",NA,0.0732301093224332,NA,NA,NA,"admin_0","RCA"
"3106","doc_propriete",NA,"incomp",NA,0.356263616154132,NA,NA,NA,"admin_0","RCA"
"1150","protect_2_femmes",NA,"non",NA,0.60580365440436,NA,NA,NA,"admin_0","RCA"
"2130","protect_2_femmes",NA,"oui",NA,0.39419634559564,NA,NA,NA,"admin_0","RCA"
"1151","protect_2_femmes_risque",NA,"vol_betail",NA,0.0568194448698959,NA,NA,NA,"admin_0","RCA"
"2131","protect_2_femmes_risque",NA,"pillage_criminalite",NA,0.246720719939316,NA,NA,NA,"admin_0","RCA"
"3107","protect_2_femmes_risque",NA,"harcelement",NA,0.0866872190393783,NA,NA,NA,"admin_0","RCA"
"464","protect_2_femmes_risque",NA,"mariage_force",NA,0.0646300950492658,NA,NA,NA,"admin_0","RCA"
"557","protect_2_femmes_risque",NA,"separation_famille",NA,0.201012503092236,NA,NA,NA,"admin_0","RCA"
"651","protect_2_femmes_risque",NA,"violence_voisins",NA,0.123495226098426,NA,NA,NA,"admin_0","RCA"
"741","protect_2_femmes_risque",NA,"conflits_fonciers",NA,0.0312289203900648,NA,NA,NA,"admin_0","RCA"
"831","protect_2_femmes_risque",NA,"incident_transhumance",NA,0.0681971421830962,NA,NA,NA,"admin_0","RCA"
"925","protect_2_femmes_risque",NA,"violence_sexuelles",NA,0.362100755948951,NA,NA,NA,"admin_0","RCA"
"1022","protect_2_femmes_risque",NA,"recrutement_force",NA,0.0202737788637439,NA,NA,NA,"admin_0","RCA"
"1152","protect_2_femmes_risque",NA,"travail_force",NA,0.041989175609539,NA,NA,NA,"admin_0","RCA"
"1225","protect_2_femmes_risque",NA,"enlevement",NA,0.0881737949418672,NA,NA,NA,"admin_0","RCA"
"1323","protect_2_femmes_risque",NA,"enlevement_travail_force",NA,0.0285029004924892,NA,NA,NA,"admin_0","RCA"
"1421","protect_2_femmes_risque",NA,"meurtre_diff_groupes",NA,0.0161030050035034,NA,NA,NA,"admin_0","RCA"
"1520","protect_2_femmes_risque",NA,"meurtre_meme_groupe",NA,0.00470145520410679,NA,NA,NA,"admin_0","RCA"
"1617","protect_2_femmes_risque",NA,"tensions_communautes",NA,0.0361806478201498,NA,NA,NA,"admin_0","RCA"
"1716","protect_2_femmes_risque",NA,"autre",NA,0.111653299753969,NA,NA,NA,"admin_0","RCA"
"1813","protect_2_femmes_risque",NA,"nsp",NA,0.00520194303455877,NA,NA,NA,"admin_0","RCA"
"1153","protect_2_hommes",NA,"non",NA,0.613156941723158,NA,NA,NA,"admin_0","RCA"
"2132","protect_2_hommes",NA,"oui",NA,0.386843058276842,NA,NA,NA,"admin_0","RCA"
"1154","protect_2_hommes_risque",NA,"vol_betail",NA,0.13248348718512,NA,NA,NA,"admin_0","RCA"
"2133","protect_2_hommes_risque",NA,"pillage_criminalite",NA,0.347895623957127,NA,NA,NA,"admin_0","RCA"
"3108","protect_2_hommes_risque",NA,"harcelement",NA,0.0721128562067269,NA,NA,NA,"admin_0","RCA"
"465","protect_2_hommes_risque",NA,"mariage_force",NA,0.0463885503418415,NA,NA,NA,"admin_0","RCA"
"558","protect_2_hommes_risque",NA,"separation_famille",NA,0.0997568382711468,NA,NA,NA,"admin_0","RCA"
"652","protect_2_hommes_risque",NA,"violence_voisins",NA,0.135417688560544,NA,NA,NA,"admin_0","RCA"
"742","protect_2_hommes_risque",NA,"conflits_fonciers",NA,0.0573441632752844,NA,NA,NA,"admin_0","RCA"
"832","protect_2_hommes_risque",NA,"incident_transhumance",NA,0.0725021629823999,NA,NA,NA,"admin_0","RCA"
"926","protect_2_hommes_risque",NA,"violence_sexuelles",NA,0.037909194092869,NA,NA,NA,"admin_0","RCA"
"1023","protect_2_hommes_risque",NA,"recrutement_force",NA,0.146279355054567,NA,NA,NA,"admin_0","RCA"
"1155","protect_2_hommes_risque",NA,"travail_force",NA,0.121162810465422,NA,NA,NA,"admin_0","RCA"
"1226","protect_2_hommes_risque",NA,"enlevement",NA,0.142209279618102,NA,NA,NA,"admin_0","RCA"
"1324","protect_2_hommes_risque",NA,"enlevement_travail_force",NA,0.0657005970108698,NA,NA,NA,"admin_0","RCA"
"1422","protect_2_hommes_risque",NA,"meurtre_diff_groupes",NA,0.0472232823367876,NA,NA,NA,"admin_0","RCA"
"1521","protect_2_hommes_risque",NA,"meurtre_meme_groupe",NA,0.0188875338403108,NA,NA,NA,"admin_0","RCA"
"1618","protect_2_hommes_risque",NA,"tensions_communautes",NA,0.0437428384514314,NA,NA,NA,"admin_0","RCA"
"1717","protect_2_hommes_risque",NA,"autre",NA,0.10192932354635,NA,NA,NA,"admin_0","RCA"
"1814","protect_2_hommes_risque",NA,"nsp",NA,0.00390881158095735,NA,NA,NA,"admin_0","RCA"
"1156","protect_3_filles",NA,"non",NA,0.564501877010549,NA,NA,NA,"admin_0","RCA"
"2134","protect_3_filles",NA,"oui",NA,0.435498122989452,NA,NA,NA,"admin_0","RCA"
"1157","protect_3_filles_risque",NA,"vol_betail",NA,0.0331150192878763,NA,NA,NA,"admin_0","RCA"
"2135","protect_3_filles_risque",NA,"pillage_criminalite",NA,0.121190226151837,NA,NA,NA,"admin_0","RCA"
"3109","protect_3_filles_risque",NA,"harcelement",NA,0.0852618460183791,NA,NA,NA,"admin_0","RCA"
"466","protect_3_filles_risque",NA,"mariage_force",NA,0.404688619860584,NA,NA,NA,"admin_0","RCA"
"559","protect_3_filles_risque",NA,"separation_famille",NA,0.0953778122489837,NA,NA,NA,"admin_0","RCA"
"653","protect_3_filles_risque",NA,"violence_voisins",NA,0.128292592611892,NA,NA,NA,"admin_0","RCA"
"743","protect_3_filles_risque",NA,"conflits_fonciers",NA,0.0171460435805051,NA,NA,NA,"admin_0","RCA"
"833","protect_3_filles_risque",NA,"incident_transhumance",NA,0.029766927473201,NA,NA,NA,"admin_0","RCA"
"927","protect_3_filles_risque",NA,"violence_sexuelles",NA,0.475001248488768,NA,NA,NA,"admin_0","RCA"
"1024","protect_3_filles_risque",NA,"recrutement_force",NA,0.0174765843700269,NA,NA,NA,"admin_0","RCA"
"1158","protect_3_filles_risque",NA,"travail_force",NA,0.0496747269987392,NA,NA,NA,"admin_0","RCA"
"1227","protect_3_filles_risque",NA,"enlevement",NA,0.0720384013700998,NA,NA,NA,"admin_0","RCA"
"1325","protect_3_filles_risque",NA,"enlevement_travail_force",NA,0.0116714110935475,NA,NA,NA,"admin_0","RCA"
"1423","protect_3_filles_risque",NA,"meurtre_diff_groupes",NA,0.0102527872042804,NA,NA,NA,"admin_0","RCA"
"1522","protect_3_filles_risque",NA,"meurtre_meme_groupe",NA,0.00727570025834672,NA,NA,NA,"admin_0","RCA"
"1619","protect_3_filles_risque",NA,"tensions_communautes",NA,0.0188871726817939,NA,NA,NA,"admin_0","RCA"
"1718","protect_3_filles_risque",NA,"autre",NA,0.0200875094989002,NA,NA,NA,"admin_0","RCA"
"1815","protect_3_filles_risque",NA,"nsp",NA,0.00706726373399184,NA,NA,NA,"admin_0","RCA"
"1159","protect_3_garcons",NA,"non",NA,0.61042538925228,NA,NA,NA,"admin_0","RCA"
"2136","protect_3_garcons",NA,"oui",NA,0.38957461074772,NA,NA,NA,"admin_0","RCA"
"1160","protect_3_garcons_risque",NA,"vol_betail",NA,0.105284627834053,NA,NA,NA,"admin_0","RCA"
"2137","protect_3_garcons_risque",NA,"pillage_criminalite",NA,0.276340511079965,NA,NA,NA,"admin_0","RCA"
"3111","protect_3_garcons_risque",NA,"harcelement",NA,0.0656585397792799,NA,NA,NA,"admin_0","RCA"
"467","protect_3_garcons_risque",NA,"mariage_force",NA,0.0668572240432842,NA,NA,NA,"admin_0","RCA"
"560","protect_3_garcons_risque",NA,"separation_famille",NA,0.136780096140261,NA,NA,NA,"admin_0","RCA"
"654","protect_3_garcons_risque",NA,"violence_voisins",NA,0.159689575857638,NA,NA,NA,"admin_0","RCA"
"744","protect_3_garcons_risque",NA,"conflits_fonciers",NA,0.0409749018036482,NA,NA,NA,"admin_0","RCA"
"834","protect_3_garcons_risque",NA,"incident_transhumance",NA,0.0641017477456972,NA,NA,NA,"admin_0","RCA"
"928","protect_3_garcons_risque",NA,"violence_sexuelles",NA,0.0505887978178767,NA,NA,NA,"admin_0","RCA"
"1025","protect_3_garcons_risque",NA,"recrutement_force",NA,0.205166350808608,NA,NA,NA,"admin_0","RCA"
"1161","protect_3_garcons_risque",NA,"travail_force",NA,0.155503872866112,NA,NA,NA,"admin_0","RCA"
"1228","protect_3_garcons_risque",NA,"enlevement",NA,0.129665678750183,NA,NA,NA,"admin_0","RCA"
"1326","protect_3_garcons_risque",NA,"enlevement_travail_force",NA,0.0567522154878734,NA,NA,NA,"admin_0","RCA"
"1424","protect_3_garcons_risque",NA,"meurtre_diff_groupes",NA,0.0440010550638029,NA,NA,NA,"admin_0","RCA"
"1523","protect_3_garcons_risque",NA,"meurtre_meme_groupe",NA,0.0150649336798879,NA,NA,NA,"admin_0","RCA"
"1620","protect_3_garcons_risque",NA,"tensions_communautes",NA,0.0451212863772269,NA,NA,NA,"admin_0","RCA"
"1719","protect_3_garcons_risque",NA,"autre",NA,0.0439755343434333,NA,NA,NA,"admin_0","RCA"
"1816","protect_3_garcons_risque",NA,"nsp",NA,0.00629853673292571,NA,NA,NA,"admin_0","RCA"
"1162","protect_4",NA,"non",NA,0.918229112233354,NA,NA,NA,"admin_0","RCA"
"2138","protect_4",NA,"nsp",NA,0.0126745562922117,NA,NA,NA,"admin_0","RCA"
"3112","protect_4",NA,"oui",NA,0.0690963314744343,NA,NA,NA,"admin_0","RCA"
"1163","protect_5_travail_force",NA,"agriculture_forets",NA,0.406105684188417,NA,NA,NA,"admin_0","RCA"
"2139","protect_5_travail_force",NA,"peche",NA,0.0325723379236406,NA,NA,NA,"admin_0","RCA"
"3113","protect_5_travail_force",NA,"mines",NA,0.188662620048396,NA,NA,NA,"admin_0","RCA"
"468","protect_5_travail_force",NA,"indutrie",NA,0.000863999713417513,NA,NA,NA,"admin_0","RCA"
"561","protect_5_travail_force",NA,"construction",NA,0.0499949315734715,NA,NA,NA,"admin_0","RCA"
"655","protect_5_travail_force",NA,"commerce_automobile",NA,0.0926560785720326,NA,NA,NA,"admin_0","RCA"
"745","protect_5_travail_force",NA,"hotellerie_restauration",NA,0.00431076449417557,NA,NA,NA,"admin_0","RCA"
"835","protect_5_travail_force",NA,"militaire",NA,0.218749989261791,NA,NA,NA,"admin_0","RCA"
"929","protect_5_travail_force",NA,"arts",NA,0.00292998889755257,NA,NA,NA,"admin_0","RCA"
"1026","protect_5_travail_force",NA,"prostitution",NA,0.0399372002751667,NA,NA,NA,"admin_0","RCA"
"1164","protect_5_travail_force",NA,"drogue",NA,0.0236826701965029,NA,NA,NA,"admin_0","RCA"
"1229","protect_5_travail_force",NA,"mendicite",NA,0.0349046111691181,NA,NA,NA,"admin_0","RCA"
"1327","protect_5_travail_force",NA,"services_personnels",NA,0.0414547673704216,NA,NA,NA,"admin_0","RCA"
"1425","protect_5_travail_force",NA,"travail_domestique",NA,0.171116893877063,NA,NA,NA,"admin_0","RCA"
"1524","protect_5_travail_force",NA,"combats",NA,0.0388899672511512,NA,NA,NA,"admin_0","RCA"
"1621","protect_5_travail_force",NA,"autres_actions_militaires",NA,0.0458348367470832,NA,NA,NA,"admin_0","RCA"
"1720","protect_5_travail_force",NA,"soutien_ga",NA,0.087470378560208,NA,NA,NA,"admin_0","RCA"
"1817","protect_5_travail_force",NA,"portier",NA,0.02545854664045,NA,NA,NA,"admin_0","RCA"
"1913","protect_5_travail_force",NA,"espion",NA,0.000559528067265602,NA,NA,NA,"admin_0","RCA"
"204","protect_5_travail_force",NA,"services_sexuels",NA,0.0151019511953044,NA,NA,NA,"admin_0","RCA"
"2140","protect_5_travail_force",NA,"autre",NA,0.0528796037860207,NA,NA,NA,"admin_0","RCA"
"2212","protect_5_travail_force",NA,"nsp",NA,0.000760030431607752,NA,NA,NA,"admin_0","RCA"
"1165","protect_11",NA,"non",NA,0.884658049160548,NA,NA,NA,"admin_0","RCA"
"2141","protect_11",NA,"oui",NA,0.115341950839452,NA,NA,NA,"admin_0","RCA"
"1166","protect_13",NA,"comite_protection",NA,0.167636560174965,NA,NA,NA,"admin_0","RCA"
"2142","protect_13",NA,"relais_communautaire",NA,0.199471646354174,NA,NA,NA,"admin_0","RCA"
"3114","protect_13",NA,"administration_leg",NA,0.149878105323405,NA,NA,NA,"admin_0","RCA"
"469","protect_13",NA,"administration_loc",NA,0.585157535359053,NA,NA,NA,"admin_0","RCA"
"562","protect_13",NA,"centre_ecoute",NA,0.0802631823051932,NA,NA,NA,"admin_0","RCA"
"656","protect_13",NA,"autre",NA,0.0230613167836823,NA,NA,NA,"admin_0","RCA"
"746","protect_13",NA,"aucun",NA,0.126924359755798,NA,NA,NA,"admin_0","RCA"
"836","protect_13",NA,"nsp",NA,0.0367069198529118,NA,NA,NA,"admin_0","RCA"
"1167","coping_1_aliments_moins_preferes",NA,"non",NA,0.138990267593467,NA,NA,NA,"admin_0","RCA"
"2143","coping_1_aliments_moins_preferes",NA,"oui",NA,0.861009732406533,NA,NA,NA,"admin_0","RCA"
"dependent.var168","aumoins_unadulte_secu","NA","NA","NA",0.407938963945272,NA,NA,NA,"admin_0","RCA"
"dependent.var169","aumoins_unenfant_secu","NA","NA","NA",0.409404037431927,NA,NA,NA,"admin_0","RCA"
"dependent.var170","aumoinsun_enfant_detressepsychosociale","NA","NA","NA",0.53671366989589,NA,NA,NA,"admin_0","RCA"
"dependent.var171","protect_11_1_aumoinsun","NA","NA","NA",0.53671366989589,NA,NA,NA,"admin_0","RCA"
